name,notes,no_red_nodes,no_red_edges,reach_chain_nodes,reach_chain_edges,detour_nodes,detour_edges,no_red_time,reach_chain_time,detour_time,all_time,all_write_time,no_red_mem_peak,reach_chain_mem_peak,detour_mem_peak,all_mem_peak,all_write_mem_peak,B_1,Obj_1,time_no_red_1,time_red_1,mem_no_red_1,mem_red_1,Obj_approx_1,time_approx_1,mem_approx_1,num_iter_approx_1,B_2,Obj_2,time_no_red_2,time_red_2,mem_no_red_2,mem_red_2,Obj_approx_2,time_approx_2,mem_approx_2,num_iter_approx_2,B_3,Obj_3,time_no_red_3,time_red_3,mem_no_red_3,mem_red_3,Obj_approx_3,time_approx_3,mem_approx_3,num_iter_approx_3,B_4,Obj_4,time_no_red_4,time_red_4,mem_no_red_4,mem_red_4,Obj_approx_4,time_approx_4,mem_approx_4,num_iter_approx_4,B_5,Obj_5,time_no_red_5,time_red_5,mem_no_red_5,mem_red_5,Obj_approx_5,time_approx_5,mem_approx_5,num_iter_approx_5,B_6,Obj_6,time_no_red_6,time_red_6,mem_no_red_6,mem_red_6,Obj_approx_6,time_approx_6,mem_approx_6,num_iter_approx_6,B_7,Obj_7,time_no_red_7,time_red_7,mem_no_red_7,mem_red_7,Obj_approx_7,time_approx_7,mem_approx_7,num_iter_approx_7,B_8,Obj_8,time_no_red_8,time_red_8,mem_no_red_8,mem_red_8,Obj_approx_8,time_approx_8,mem_approx_8,num_iter_approx_8,B_9,Obj_9,time_no_red_9,time_red_9,mem_no_red_9,mem_red_9,Obj_approx_9,time_approx_9,mem_approx_9,num_iter_approx_9,B_10,Obj_10,time_no_red_10,time_red_10,mem_no_red_10,mem_red_10,Obj_approx_10,time_approx_10,mem_approx_10,num_iter_approx_10,
amazon0302.txt.gz.full.log,timeout for reductions,262111,1234877,238203,1124240,N/A,N/A,2086.300000,365.540000,N/A,N/A,N/A,93.574219,137.914062,N/A,N/A,N/A,1,0.181176,262268,N/A,3239.2,N/A,0.181176,41316,1719.76,134,2,N/A,N/A,N/A,N/A,N/A,N/A,N/A,N/A,1394,3,N/A,N/A,N/A,N/A,N/A,N/A,N/A,N/A,1180,4,N/A,N/A,N/A,N/A,N/A,N/A,N/A,N/A,1372,N/A,exceeded min_s_t,N/A,N/A,N/A,N/A,exceeded min_s_t,N/A,N/A,N/A,N/A,exceeded min_s_t,N/A,N/A,N/A,N/A,exceeded min_s_t,N/A,N/A,N/A,N/A,exceeded min_s_t,N/A,N/A,N/A,N/A,exceeded min_s_t,N/A,N/A,N/A,N/A,exceeded min_s_t,N/A,N/A,N/A,N/A,exceeded min_s_t,N/A,N/A,N/A,N/A,exceeded min_s_t,N/A,N/A,N/A,N/A,exceeded min_s_t,N/A,N/A,N/A,N/A,exceeded min_s_t,N/A,N/A,N/A,N/A,exceeded min_s_t,N/A,N/A,N/A,
amazon0312.txt.gz.full.log,timeout for reductions,400727,3200440,371433,3077881,N/A,N/A,15161.420000,1488.870000,N/A,N/A,N/A,177.015625,288.867188,N/A,N/A,N/A,1,N/A,N/A,N/A,N/A,N/A,0.808487,78251,4168.13,72,2,N/A,N/A,N/A,N/A,N/A,N/A,N/A,N/A,458,3,N/A,N/A,N/A,N/A,N/A,N/A,N/A,N/A,372,4,N/A,N/A,N/A,N/A,N/A,N/A,N/A,N/A,4,5,N/A,N/A,N/A,N/A,N/A,N/A,N/A,N/A,244,6,N/A,N/A,N/A,N/A,N/A,N/A,N/A,N/A,26,7,N/A,N/A,N/A,N/A,N/A,N/A,N/A,N/A,40,8,N/A,N/A,N/A,N/A,N/A,N/A,N/A,N/A,8,9,N/A,N/A,N/A,N/A,N/A,N/A,N/A,N/A,28,N/A,exceeded min_s_t,N/A,N/A,N/A,N/A,exceeded min_s_t,N/A,N/A,N/A,
amazon0505.txt.gz.full.log,timeout for reductions,410236,3356824,379833,3235091,N/A,N/A,14014.590000,1642.870000,N/A,N/A,N/A,183.742188,296.398438,N/A,N/A,N/A,1,N/A,N/A,N/A,N/A,N/A,0.512996,54194,4404.08,16,2,N/A,N/A,N/A,N/A,N/A,N/A,N/A,N/A,100,3,N/A,N/A,N/A,N/A,N/A,N/A,N/A,N/A,2,4,N/A,N/A,N/A,N/A,N/A,N/A,N/A,N/A,12,5,N/A,N/A,N/A,N/A,N/A,N/A,N/A,N/A,10,6,N/A,N/A,N/A,N/A,N/A,N/A,N/A,N/A,10,7,N/A,N/A,N/A,N/A,N/A,N/A,N/A,N/A,1016,8,N/A,N/A,N/A,N/A,N/A,N/A,N/A,N/A,1984,9,N/A,N/A,N/A,N/A,N/A,N/A,N/A,N/A,1568,N/A,exceeded min_s_t,N/A,N/A,N/A,N/A,exceeded min_s_t,N/A,N/A,N/A,
amazon0601.txt.gz.full.log,timeout for reductions,403394,3387388,383721,3278206,N/A,N/A,15801.560000,931.330000,N/A,N/A,N/A,183.925781,298.175781,N/A,N/A,N/A,1,N/A,N/A,N/A,N/A,N/A,0.404564,54562,4446.02,30,2,N/A,N/A,N/A,N/A,N/A,N/A,N/A,N/A,12,3,N/A,N/A,N/A,N/A,N/A,N/A,N/A,N/A,40,4,N/A,N/A,N/A,N/A,N/A,N/A,N/A,N/A,2,5,N/A,N/A,N/A,N/A,N/A,N/A,N/A,N/A,8,6,N/A,N/A,N/A,N/A,N/A,N/A,N/A,N/A,6,7,N/A,N/A,N/A,N/A,N/A,N/A,N/A,N/A,1326,8,N/A,N/A,N/A,N/A,N/A,N/A,N/A,N/A,952,9,N/A,N/A,N/A,N/A,N/A,N/A,N/A,N/A,1626,N/A,exceeded min_s_t,N/A,N/A,N/A,N/A,exceeded min_s_t,N/A,N/A,N/A,
as-caida20071105.txt.gz.full.log, ,26475,106762,16531,86167,16288,85681,11.630000,0.600000,1146.040000,1146.640000,1158.190000,21.406250,23.929688,23.929688,23.929688,23.929688,91,131.412983,4383,3834,292.9,228.9,N/A,N/A,N/A,4,182,99.649644,9585,3834,292.9,228.9,N/A,N/A,N/A,2,273,67.95137,21354,3834,292.9,228.9,N/A,N/A,N/A,2,364,36.267536,39695,3834,292.9,228.9,N/A,N/A,N/A,2,455,9.28844,42124,3834,292.9,228.9,N/A,N/A,N/A,2,546,1.035767,4126,3834,292.9,228.9,N/A,N/A,N/A,2,637,0.203579,2729.62,3834,292.9,228.9,N/A,N/A,N/A,4,728,0,2414.1,0.0001,292.9,0,N/A,N/A,N/A,4,819,0,2397.94,0.0001,292.9,0,N/A,N/A,N/A,4,910,0,2592.74,0.0001,281.0,0,N/A,N/A,N/A,3962,
as-skitter.txt.gz.full.log, ,1696415,11095298,39011,396627,39011,396627,60577.350000,124790.920000,1.200000,124792.120000,185354.430000,592.695312,700.367188,700.367188,700.367188,700.367188,371,0,N/A,0.0001,N/A,0,N/A,N/A,N/A,4,742,0,N/A,0.0001,N/A,0,N/A,N/A,N/A,0,1113,0,N/A,0.0001,N/A,0,N/A,N/A,N/A,6,1484,0,N/A,0.0001,N/A,0,N/A,N/A,N/A,8,1855,0,243437,0.0001,28690.6,0,N/A,N/A,N/A,16,2226,0,167050,0.0001,28690.6,0,N/A,N/A,N/A,20,2597,N/A,N/A,0.0001,N/A,0,N/A,N/A,N/A,22,2968,0,N/A,0.0001,N/A,0,N/A,N/A,N/A,20,3339,0,N/A,0.0001,N/A,0,N/A,N/A,N/A,22,3710,0,N/A,0.0001,N/A,0,N/A,N/A,N/A,22,
ca-AstroPh.txt.gz.full.log, ,18772,396100,16947,391603,16843,391271,26.730000,3.340000,10911.670000,10915.010000,10941.380000,29.023438,41.425781,41.425781,41.425781,41.425781,42,376.321432,337517,341718,995.4,983.3,N/A,N/A,N/A,10,84,329.347225,256021,341718,995.4,983.3,N/A,N/A,N/A,8,126,N/A,N/A,341718,N/A,983.3,N/A,N/A,N/A,8,168,242.246033,337063,341718,995.4,983.3,N/A,N/A,N/A,8,210,N/A,N/A,341718,N/A,983.3,N/A,N/A,N/A,6,252,N/A,N/A,341718,N/A,983.3,N/A,N/A,N/A,4,294,120.212305,200999,341718,995.4,983.3,N/A,N/A,N/A,4,336,81.208337,232440,341718,995.4,983.3,N/A,N/A,N/A,6,378,42.90873,211123,341718,995.4,983.3,N/A,N/A,N/A,4,420,5.853173,N/A,341718,N/A,983.3,N/A,N/A,N/A,4,
ca-CondMat.txt.gz.full.log, ,23133,186878,19681,178905,19366,177933,8.470000,3.690000,3486.180000,3489.870000,3498.290000,23.324219,29.226562,29.226562,29.226562,29.226562,20,136.931895,22230,97634,477.3,474.3,N/A,N/A,N/A,14,40,119.046591,20628,97634,477.3,474.3,N/A,N/A,N/A,8,60,102.150534,21230,97634,477.3,474.3,N/A,N/A,N/A,6,80,85.681001,22924,97634,477.3,474.3,N/A,N/A,N/A,10,100,69.548386,21143,97634,477.3,474.3,N/A,N/A,N/A,10,120,53.645163,20216,97634,477.3,474.3,N/A,N/A,N/A,12,140,38.086025,21693,97634,477.3,474.3,N/A,N/A,N/A,6,160,22.824375,26066,97634,477.3,474.3,N/A,N/A,N/A,8,180,7.853051,32880,97634,477.3,474.3,N/A,N/A,N/A,10,200,0,30588,0.0001,498.6,0,N/A,N/A,N/A,8,
ca-HepPh.txt.gz.full.log, ,12008,236978,10090,232742,9947,231934,5.820000,1.360000,2365.210000,2366.570000,2372.370000,23.152344,30.398438,30.398438,30.398438,30.398438,26,178.032587,13432,17034,606.5,620.1,N/A,N/A,N/A,8,52,152.456209,12036,17034,606.5,620.1,N/A,N/A,N/A,10,78,130.678202,11754,17034,606.5,620.1,N/A,N/A,N/A,12,104,110.747453,12267,17034,606.5,620.1,N/A,N/A,N/A,10,130,91.608958,13624,17034,633.6,620.1,N/A,N/A,N/A,6,156,72.755595,13771,17034,606.5,620.1,N/A,N/A,N/A,2,182,53.922602,13902,17034,606.5,620.1,N/A,N/A,N/A,8,208,35.191446,15573,17034,606.5,620.1,N/A,N/A,N/A,2,234,17.643584,14671,17034,606.5,620.1,N/A,N/A,N/A,6,260,1.543788,14460,17034,633.6,620.1,N/A,N/A,N/A,2,
cit-HepPh.txt.gz.full.log, ,34546,421534,12705,139958,12705,139958,181.380000,137.020000,164.680000,301.700000,482.600000,31.863281,33.683594,33.683594,33.683594,33.683594,41,0.050914,7894,74.31,1098.3,360.1,N/A,N/A,N/A,30,82,0,9082,74.31,1098.3,360.1,N/A,N/A,N/A,16,123,0,5927,74.31,1098.3,360.1,N/A,N/A,N/A,10,164,0,6271,74.31,1142.9,360.1,N/A,N/A,N/A,10,205,0,50640,74.31,1143.5,360.1,N/A,N/A,N/A,14,246,0,2286.85,74.31,1098.3,360.1,N/A,N/A,N/A,5128,287,0,3253.14,74.31,1098.3,360.1,N/A,N/A,N/A,3882,328,0,134537,0.0001,1143.4,0,N/A,N/A,N/A,4506,369,0,1436.93,0.0001,1098.3,0,N/A,N/A,N/A,4200,410,0,1445.76,0.0001,1098.3,0,N/A,N/A,N/A,3944,
cit-HepTh.txt.gz.full.log, ,27770,352768,7463,116222,7462,116220,63.590000,98.300000,88.250000,186.550000,249.300000,28.714844,32.199219,32.199219,32.199219,32.199219,56,168.05511,13569,3853,898.1,310.8,N/A,N/A,N/A,10,112,140.490591,13410,3853,898.1,310.8,N/A,N/A,N/A,12,168,113.401879,8132,3853,898.1,310.8,N/A,N/A,N/A,6,224,86.592383,7719,3853,898.1,310.8,N/A,N/A,N/A,6,280,59.974122,10305,3853,898.1,310.8,N/A,N/A,N/A,6,336,33.541674,7833,3853,898.1,310.8,N/A,N/A,N/A,4,392,7.345434,17639,3853,898.1,310.8,N/A,N/A,N/A,4,448,0,91352,3853,898.1,310.8,N/A,N/A,N/A,4,504,0,85796,0.0001,898.1,0,N/A,N/A,N/A,4,560,0,93716,0.0001,898.1,0,N/A,N/A,N/A,21306,
com-amazon.ungraph.txt.gz.full.log, ,334863,925872,4,3,4,3,3978.900000,3492.420000,0.000000,3492.420000,7469.800000,84.496094,98.265625,98.265625,98.265625,98.265625,16,0,120.9,0.0001,2529.1,0,0.000000,18067,1153.28,2,32,0,119.93,0.0001,2529.1,0,0.000000,17451,1153.28,2,48,0,114.36,0.0001,2529.1,0,0.000000,17405,1153.28,2,64,0,113.67,0.0001,2529.1,0,0.000000,17674,1153.28,2,80,0,119.86,0.0001,2635.9,0,0.000000,17498,1153.28,2,96,0,109.12,0.0001,2635.9,0,0.000000,17470,1153.28,2,112,0,96.01,0.0001,2529.1,0,0.000000,17683,1153.29,2,128,0,97.89,0.0001,2529.1,0,0.000000,17807,1153.29,2,144,0,246.76,0.0001,2635.9,0,0.000000,17571,1153.28,2,160,0,93.94,0.0001,2529.1,0,0.000000,22681,1153.29,2,
com-dblp.ungraph.txt.gz.full.log, ,317080,1049866,3940,18535,3940,18535,3654.460000,3516.240000,0.050000,3516.290000,7169.130000,88.750000,100.812500,100.812500,100.812500,100.812500,11,23.391407,5438,3.3,2820.2,48.6,N/A,N/A,N/A,10,22,13.102621,6019,3.3,2820.2,48.6,N/A,N/A,N/A,22,33,5.031028,8534,3.3,2820.2,48.6,N/A,N/A,N/A,2462,44,0.940335,9970,3.3,2820.2,48.6,N/A,N/A,N/A,2856,55,0,6657,3.3,2820.2,48.6,N/A,N/A,N/A,2642,66,0,5508,3.3,2820.2,48.6,N/A,N/A,N/A,40,77,0,5598,3.3,2820.2,48.6,N/A,N/A,N/A,26,88,0,6030,3.3,2820.2,48.6,N/A,N/A,N/A,20,99,0,24027,0.0001,2939.2,0,N/A,N/A,N/A,20,110,0,128041,0.0001,2939.3,0,N/A,N/A,N/A,10,
com-youtube.ungraph.txt.gz.full.log, ,1134890,2987624,80206,850314,80206,850314,10541.530000,53540.580000,3.960000,53544.540000,64082.720000,258.890625,305.210938,305.210938,305.210938,305.210938,425,N/A,N/A,N/A,N/A,N/A,N/A,N/A,N/A,2,850,N/A,N/A,N/A,N/A,N/A,N/A,N/A,N/A,4,1275,N/A,N/A,N/A,N/A,N/A,N/A,N/A,N/A,6,1700,11.763122,N/A,N/A,N/A,N/A,N/A,N/A,N/A,516,2125,N/A,N/A,N/A,N/A,N/A,N/A,N/A,N/A,476,2550,N/A,N/A,N/A,N/A,N/A,N/A,N/A,N/A,434,2975,N/A,N/A,N/A,N/A,N/A,N/A,N/A,N/A,432,3400,N/A,N/A,N/A,N/A,N/A,N/A,N/A,N/A,426,3825,N/A,N/A,N/A,N/A,N/A,N/A,N/A,N/A,396,4250,N/A,N/A,0.0001,N/A,0,N/A,N/A,N/A,332,
gplus_combined.txt.gz.full.log,timeout for reductions,107614,13673453,69470,9164694,N/A,N/A,126074.600000,37961.100000,N/A,N/A,N/A,447.605469,595.914062,N/A,N/A,N/A,505,N/A,N/A,N/A,N/A,N/A,N/A,N/A,N/A,2,1010,N/A,N/A,N/A,N/A,N/A,N/A,N/A,N/A,0,1515,N/A,N/A,N/A,N/A,N/A,N/A,N/A,N/A,2,2020,N/A,N/A,N/A,N/A,N/A,N/A,N/A,N/A,2,2525,N/A,N/A,N/A,N/A,N/A,N/A,N/A,N/A,2,3030,N/A,N/A,N/A,N/A,N/A,N/A,N/A,N/A,2,3535,N/A,N/A,N/A,N/A,N/A,N/A,N/A,N/A,2,4040,N/A,N/A,N/A,N/A,N/A,N/A,N/A,N/A,4,4545,N/A,N/A,N/A,N/A,N/A,N/A,N/A,N/A,0,5050,N/A,N/A,N/A,N/A,N/A,N/A,N/A,N/A,22,
twitter_combined.txt.gz.full.log,timeout for reductions,81306,1768135,68480,1688645,N/A,N/A,368.400000,1392.650000,N/A,N/A,N/A,80.437500,133.070312,N/A,N/A,N/A,120,N/A,N/A,N/A,N/A,N/A,N/A,N/A,N/A,6,240,N/A,N/A,N/A,N/A,N/A,N/A,N/A,N/A,6,360,N/A,N/A,N/A,N/A,N/A,N/A,N/A,N/A,4,480,N/A,N/A,N/A,N/A,N/A,N/A,N/A,N/A,6,600,N/A,N/A,N/A,N/A,N/A,N/A,N/A,N/A,8,720,N/A,N/A,N/A,N/A,N/A,N/A,N/A,N/A,10,840,N/A,N/A,N/A,N/A,N/A,N/A,N/A,N/A,6,960,N/A,N/A,N/A,N/A,N/A,N/A,N/A,N/A,2,1080,N/A,N/A,N/A,N/A,N/A,N/A,N/A,N/A,2,1200,N/A,N/A,N/A,N/A,N/A,N/A,N/A,N/A,2,
email-Enron.txt.gz.full.log, ,36692,367662,24146,341198,23488,338668,13.880000,8.930000,14135.750000,14144.680000,14158.520000,30.855469,41.335938,41.335938,41.335938,41.335938,136,N/A,N/A,N/A,N/A,N/A,N/A,N/A,N/A,6,272,N/A,N/A,0.0001,N/A,0,N/A,N/A,N/A,4236,408,N/A,N/A,0.0001,N/A,0,N/A,N/A,N/A,5274,544,N/A,N/A,0.0001,N/A,0,N/A,N/A,N/A,4628,680,N/A,N/A,0.0001,N/A,0,N/A,N/A,N/A,3976,816,N/A,N/A,0.0001,N/A,0,N/A,N/A,N/A,3566,952,N/A,N/A,0.0001,N/A,0,N/A,N/A,N/A,3374,1088,N/A,N/A,0.0001,N/A,0,N/A,N/A,N/A,3292,1224,N/A,N/A,0.0001,N/A,0,N/A,N/A,N/A,3204,1360,N/A,N/A,0.0001,N/A,0,N/A,N/A,N/A,3148,
email-EuAll.txt.gz.full.log, ,265214,418956,15806,114276,15167,112861,300.040000,1329.890000,2700.910000,4030.800000,4330.360000,61.273438,71.027344,71.027344,71.027344,71.027344,92,0,590.43,0.0001,1203.7,0,0.000000,2786.43,560208,2,184,0,597.34,0.0001,1203.7,0,0.000000,2779.98,560208,2,276,0,598.41,0.0001,1203.7,0,0.000000,2779.57,560216,2,368,0,591.54,0.0001,1203.7,0,0.000000,3501.07,560216,2,460,0,545.4,0.0001,1203.7,0,0.000000,3103.1,560.22,2,552,0,552.29,0.0001,1203.7,0,0.000000,2785.83,560216,2,644,0,545.08,0.0001,1203.7,0,0.000000,2791,560.22,2,736,0,547.27,0.0001,1203.7,0,0.000000,2810.51,560224,2,828,0,543.62,0.0001,1203.7,0,0.000000,2778.97,560224,2,920,0,548.11,0.0001,1203.7,0,0.000000,2909.38,560224,2,
RO_edges.csv.gz.full.log, ,41775,125827,181,355,181,355,20.290000,32.350000,0.000000,32.350000,52.460000,23.300781,24.750000,24.750000,24.750000,24.750000,6,2.528736,37.95,0.01,339.6,1.0,N/A,N/A,N/A,1950,12,0.78161,38.76,0.01,339.6,1.0,N/A,N/A,N/A,108,18,0,41.1,0.0001,339.6,0,N/A,N/A,N/A,104,24,0,39.74,0.0001,339.6,0,N/A,N/A,N/A,24,30,0,25.76,0.0001,339.6,0,N/A,N/A,N/A,22,36,0,22.09,0.0001,339.6,0,N/A,N/A,N/A,12,42,0,17.95,0.0001,339.6,0,N/A,N/A,N/A,13132,48,0,20.11,0.0001,339.6,0,N/A,N/A,N/A,13062,54,0,28.34,0.0001,354.0,0,N/A,N/A,N/A,12948,60,0,17.4,0.0001,339.6,0,N/A,N/A,N/A,12862,
HU_edges.csv.gz.full.log, ,47540,222888,5351,15463,5351,15463,44.640000,79.510000,0.020000,79.530000,123.850000,27.386719,29.304688,29.304688,29.304688,29.304688,8,18.322405,1488.57,0.71,591.7,41.9,N/A,N/A,N/A,188,16,13.114754,1438.39,0.71,591.7,41.9,N/A,N/A,N/A,36,24,8.09836,1264.7,0.71,591.7,41.9,N/A,N/A,N/A,30,32,3.792349,1183.15,0.71,591.7,41.9,N/A,N/A,N/A,36,40,0.95082,1547.81,0.71,591.7,41.9,N/A,N/A,N/A,4964,48,0,955.38,0.71,591.7,41.9,N/A,N/A,N/A,4830,56,0,3859,0.71,616.4,41.9,N/A,N/A,N/A,5428,64,0,3039.2,0.0001,616.3,0,N/A,N/A,N/A,7988,72,0,940.57,0.0001,616.4,0,N/A,N/A,N/A,9218,80,0,543.8,0.0001,616.5,0,N/A,N/A,N/A,8878,
HR_edges.csv.gz.full.log, ,54575,498203,16114,114067,16114,114067,162.460000,268.670000,0.160000,268.830000,430.700000,37.199219,41.699219,41.699219,41.699219,41.699219,23,65.378384,12971,1883.75,1290.1,297.9,N/A,N/A,N/A,12,46,52.886829,12705,1883.75,1290.1,297.9,N/A,N/A,N/A,8,69,41.292234,13131,1883.75,1290.1,297.9,N/A,N/A,N/A,12,92,30.060815,13468,1883.75,1290.1,297.9,N/A,N/A,N/A,8,115,19.076018,10406,1883.75,1290.1,297.9,N/A,N/A,N/A,10,138,8.30068,54557,1883.75,1290.1,297.9,N/A,N/A,N/A,10,161,0.614866,29274,1883.75,1290.1,297.9,N/A,N/A,N/A,8,184,0,17865,0.0001,1290.1,0,N/A,N/A,N/A,10,207,0,12408,0.0001,1290.1,0,N/A,N/A,N/A,12,230,0,14021,0.0001,1290.1,0,N/A,N/A,N/A,4328,
company_edges.csv.gz.full.log, ,14115,52127,1301,5025,1301,5025,1.880000,3.600000,0.010000,3.610000,5.420000,17.507812,18.074219,18.074219,18.074219,18.074219,18,13.953808,45.17,0.35,140.1,13.3,N/A,N/A,N/A,20,36,4.774458,262.4,0.35,146.9,13.3,N/A,N/A,N/A,22,54,0.894022,46.61,0.35,140.1,13.3,N/A,N/A,N/A,42,72,0,61.01,0.35,140.1,13.3,N/A,N/A,N/A,7452,90,0,37.61,0.0001,140.1,0,N/A,N/A,N/A,6966,108,0,30.07,0.0001,140.1,0,N/A,N/A,N/A,9702,126,0,30.22,0.0001,140.1,0,N/A,N/A,N/A,14216,144,0,22.19,0.0001,140.1,0,N/A,N/A,N/A,14226,162,0,13.43,0.0001,140.1,0,N/A,N/A,N/A,14054,180,0,38.25,0.0001,146.1,0,N/A,N/A,N/A,15090,
public_figure_edges.csv.gz.full.log, ,11567,67039,2304,19731,2304,19731,1.350000,3.280000,0.010000,3.290000,4.590000,17.679688,18.347656,18.347656,18.347656,18.347656,25,18.275142,97.25,130.7,174.8,52.8,N/A,N/A,N/A,12,50,5.214421,98.43,130.7,174.8,52.8,N/A,N/A,N/A,12,75,0.694498,458.78,130.7,174.8,52.8,N/A,N/A,N/A,16,100,0,426.47,130.7,174.8,52.8,N/A,N/A,N/A,20,125,0,185.65,130.7,182.1,52.8,N/A,N/A,N/A,12,150,0,253.8,130.7,174.8,52.8,N/A,N/A,N/A,12,175,0,409.25,0.0001,182.1,0,N/A,N/A,N/A,10,200,0,296.53,0.0001,182.1,0,N/A,N/A,N/A,18,225,0,1694.31,0.0001,182.2,0,N/A,N/A,N/A,14,250,0,108.23,0.0001,174.8,0,N/A,N/A,N/A,12,
athletes_edges.csv.gz.full.log, ,13868,86812,839,3045,839,3045,3.320000,4.240000,0.010000,4.250000,7.460000,18.570312,19.304688,19.304688,19.304688,19.304688,24,5.102616,241.61,0.2,223.5,8.2,N/A,N/A,N/A,298,48,0,451.58,0.2,223.5,8.2,N/A,N/A,N/A,7074,72,0,354.17,0.2,223.5,8.2,N/A,N/A,N/A,8330,96,0,478.27,0.2,232.9,8.2,N/A,N/A,N/A,600,120,0,281.99,0.0001,223.5,0,N/A,N/A,N/A,12670,144,0,335.49,0.0001,223.5,0,N/A,N/A,N/A,12090,168,0,661.86,0.0001,233.0,0,N/A,N/A,N/A,13428,192,0,170.12,0.0001,223.5,0,N/A,N/A,N/A,12656,216,0,3633,0.0001,233.0,0,0.000000,17.7,114756,2,240,0,234.45,0.0001,223.5,0,0.000000,17.7,114752,2,
new_sites_edges.csv.gz.full.log, ,27919,205965,6166,42883,6166,42883,49.890000,37.810000,0.050000,37.860000,87.480000,24.140625,25.765625,25.765625,25.765625,25.765625,49,93.389085,3078.6,180.19,540.3,110.2,N/A,N/A,N/A,10,98,61.789271,2388.9,180.19,540.3,110.2,N/A,N/A,N/A,6,147,32.752309,2064.27,180.19,565.8,110.2,N/A,N/A,N/A,8,196,12.682998,4829,180.19,540.3,110.2,N/A,N/A,N/A,12,245,3.134017,4897,180.19,540.3,110.2,N/A,N/A,N/A,16,294,0,4860,180.19,540.3,110.2,N/A,N/A,N/A,3524,343,0,2908.98,180.19,540.3,110.2,N/A,N/A,N/A,4388,392,0,5449,0.0001,562.5,0,N/A,N/A,N/A,4362,441,0,3449.23,0.0001,540.3,0,N/A,N/A,N/A,4788,490,0,7991,0.0001,540.3,0,N/A,N/A,N/A,4636,
artist_edges.csv.gz.full.log, ,50517,819091,24097,401579,24097,401579,266.370000,197.090000,0.470000,197.560000,463.380000,46.308594,52.195312,52.195312,52.195312,52.195312,123,343.11195,N/A,65369,N/A,1031.1,N/A,N/A,N/A,4,246,264.733786,N/A,65369,N/A,1031.1,N/A,N/A,N/A,4,369,190.847711,167805,65369,2102.4,1031.1,N/A,N/A,N/A,8,492,120.187499,163189,65369,2102.4,1031.1,N/A,N/A,N/A,6,615,55.382915,197485,65369,2102.4,1031.1,N/A,N/A,N/A,4,738,17.312504,255786,65369,2102.4,1031.1,N/A,N/A,N/A,8,861,1.666534,N/A,65369,N/A,1031.1,N/A,N/A,N/A,8,984,0,242468,0.0001,2102.4,0,N/A,N/A,N/A,10,1107,0,303214,0.0001,2102.4,0,N/A,N/A,N/A,1584,1230,0,N/A,0.0001,N/A,0,N/A,N/A,N/A,1402,
higgs-social_network.edgelist.gz.full.log,timeout for reductions,456626,14855819,355445,14095463,N/A,N/A,83958.720000,21738.300000,N/A,N/A,N/A,538.910156,965.679688,N/A,N/A,N/A,125,N/A,N/A,N/A,N/A,N/A,N/A,N/A,N/A,4,250,N/A,N/A,N/A,N/A,N/A,N/A,N/A,N/A,2,375,N/A,N/A,N/A,N/A,N/A,N/A,N/A,N/A,4,500,N/A,N/A,N/A,N/A,N/A,N/A,N/A,N/A,4,625,N/A,N/A,N/A,N/A,N/A,N/A,N/A,N/A,4,750,N/A,N/A,N/A,N/A,N/A,N/A,N/A,N/A,4,875,N/A,N/A,N/A,N/A,N/A,N/A,N/A,N/A,4,1000,N/A,N/A,N/A,N/A,N/A,N/A,N/A,N/A,4,1125,N/A,N/A,N/A,N/A,N/A,N/A,N/A,N/A,4,1250,N/A,N/A,N/A,N/A,N/A,N/A,N/A,N/A,2,
higgs-reply_network.edgelist.gz.full.log, ,38918,32180,432,457,385,358,4.450000,6.220000,0.040000,6.260000,10.680000,20.000000,21.652344,21.652344,21.652344,21.652344,3,0,11.82,0.01,103.6,1.0,0.000000,33.97,61544,4,6,0,12.28,0.01,103.6,1.0,0.000000,37.97,60404,2,9,0,11.95,0.01,103.6,1.0,0.000000,35.39,60412,2,12,0,55.85,0.0001,108.2,0,0.000000,35.1,60412,2,15,0,111.69,0.0001,108.2,0,0.000000,35.07,60412,2,18,0,10.73,0.0001,103.6,0,0.000000,35.23,60412,2,21,0,10.18,0.0001,103.6,0,0.000000,34.58,60428,2,24,0,10.01,0.0001,103.6,0,0.000000,35.83,60432,2,27,0,9.21,0.0001,103.6,0,0.000000,37.68,60432,2,30,0,9.14,0.0001,103.6,0,0.000000,35.79,60428,2,
higgs-mention_network.edgelist.gz.full.log, ,116408,145465,2345,6277,2185,5928,94.390000,114.570000,3.470000,118.040000,212.200000,33.230469,37.593750,37.593750,37.593750,37.593750,16,193,2642.1,3.59,425.0,15.8,N/A,N/A,N/A,4738,32,121,2403.64,3.59,425.0,15.8,N/A,N/A,N/A,4894,48,83,2009.27,3.59,425.0,15.8,N/A,N/A,N/A,1652,64,62,4085,3.59,425.0,15.8,N/A,N/A,N/A,1718,80,46,6574,3.59,425.0,15.8,N/A,N/A,N/A,2034,96,30,4935,3.59,425.0,15.8,N/A,N/A,N/A,2166,112,14,3227.24,3.59,425.0,15.8,N/A,N/A,N/A,3714,128,0,4299,0.0001,425.0,0,N/A,N/A,N/A,3784,144,0,6321,0.0001,425.0,0,N/A,N/A,N/A,8,160,0,5864,0.0001,425.0,0,N/A,N/A,N/A,14,
higgs-retweet_network.edgelist.gz.full.log, ,256491,328132,965,3869,932,3802,1311.020000,608.340000,1.340000,609.680000,1920.050000,56.480469,66.898438,66.898438,66.898438,66.898438,13,27,16139,1.14,973.8,10.1,N/A,N/A,N/A,10,26,14,34503,1.14,973.8,10.1,N/A,N/A,N/A,10,39,1,37604,1.14,973.8,10.1,N/A,N/A,N/A,6,52,0,13576,0.0001,973.8,0,N/A,N/A,N/A,6540,65,0,58479,0.0001,973.8,0,0.000000,5785,449284,2,78,0,61903,0.0001,973.8,0,0.000000,6461,449288,2,91,0,55823,0.0001,973.8,0,0.000000,5595,449284,2,104,0,39555,0.0001,973.8,0,0.000000,6025,449284,2,117,0,43252,0.0001,973.8,0,0.000000,5706,449.28,2,130,0,73267,0.0001,1016.6,0,0.000000,5631,449.28,2,
higgs-activity_time.txt.gz.full.log, ,304691,461192,5673,22739,5291,21920,1567.430000,1573.950000,61.030000,1634.980000,3201.570000,66.679688,78.144531,78.144531,78.144531,78.144531,16,1.636417065e+11,94897,532.1,1329.5,57.1,N/A,N/A,N/A,6,32,1.421790068e+11,178414,532.1,1329.5,57.1,N/A,N/A,N/A,6,48,1.207168001e+11,174775,532.1,1329.5,57.1,N/A,N/A,N/A,6,64,9.92548148e+10,147852,532.1,1329.5,57.1,N/A,N/A,N/A,4,80,7.779324636e+10,141749,532.1,1329.5,57.1,N/A,N/A,N/A,4,96,5.633199262e+10,168600,532.1,1329.5,57.1,N/A,N/A,N/A,6,112,3.48713762e+10,167577,532.1,1329.5,57.1,N/A,N/A,N/A,6,128,1.341152985e+10,179165,532.1,1329.5,57.1,N/A,N/A,N/A,N/A,144,0,156399,0.0001,1329.5,0,N/A,N/A,N/A,4,160,0,264321,0.0001,1329.5,0,N/A,N/A,N/A,4,
loc-brightkite_edges.txt.gz.full.log, ,58228,428156,36607,384679,34067,379171,42.370000,7.650000,48994.190000,49001.840000,49044.890000,36.152344,47.734375,47.734375,47.734375,47.734375,105,N/A,N/A,N/A,N/A,N/A,N/A,N/A,N/A,10,210,N/A,N/A,N/A,N/A,N/A,N/A,N/A,N/A,6,315,N/A,N/A,N/A,N/A,N/A,N/A,N/A,N/A,6,420,N/A,N/A,N/A,N/A,N/A,N/A,N/A,N/A,8,525,N/A,N/A,N/A,N/A,N/A,N/A,N/A,N/A,4,630,N/A,N/A,N/A,N/A,N/A,N/A,N/A,N/A,6,735,N/A,N/A,N/A,N/A,N/A,N/A,N/A,N/A,4,840,N/A,N/A,N/A,N/A,N/A,N/A,N/A,N/A,6,945,N/A,N/A,0.0001,N/A,0,N/A,N/A,N/A,26,1050,N/A,N/A,0.0001,N/A,0,N/A,N/A,N/A,1500,
loc-gowalla_edges.txt.gz.full.log,timeout for reductions,196591,1900654,147046,1798316,N/A,N/A,3120.920000,60.140000,N/A,N/A,N/A,103.750000,160.062500,N/A,N/A,N/A,379,N/A,N/A,N/A,N/A,N/A,N/A,N/A,N/A,4,758,N/A,N/A,N/A,N/A,N/A,N/A,N/A,N/A,2,1137,N/A,N/A,N/A,N/A,N/A,N/A,N/A,N/A,8,1516,N/A,N/A,N/A,N/A,N/A,N/A,N/A,N/A,2,1895,N/A,N/A,N/A,N/A,N/A,N/A,N/A,N/A,4,2274,N/A,N/A,N/A,N/A,N/A,N/A,N/A,N/A,4,2653,N/A,N/A,N/A,N/A,N/A,N/A,N/A,N/A,4,3032,N/A,N/A,N/A,N/A,N/A,N/A,N/A,N/A,6,3411,N/A,N/A,N/A,N/A,N/A,N/A,N/A,N/A,350,3790,N/A,N/A,N/A,N/A,N/A,N/A,N/A,N/A,342,
oregon1_010421.txt.gz.full.log, ,10859,22748,311,1619,311,1619,0.590000,1.460000,0.010000,1.470000,2.030000,16.324219,16.691406,16.691406,16.691406,16.691406,20,23.049352,N/A,0.67,N/A,4.7,N/A,N/A,N/A,296,40,10.779315,4.17,0.67,62.9,4.7,N/A,N/A,N/A,5846,60,5.629294,3.99,0.67,62.9,4.7,N/A,N/A,N/A,10,80,1.426372,4.24,0.67,62.9,4.7,N/A,N/A,N/A,20,100,0,4.15,0.67,62.9,4.7,N/A,N/A,N/A,138,120,0,4.28,0.67,65.6,4.7,N/A,N/A,N/A,338,140,0,4.4,0.0001,65.6,0,N/A,N/A,N/A,15458,160,0,4.1,0.0001,62.9,0,N/A,N/A,N/A,16666,180,0,3.87,0.0001,62.9,0,N/A,N/A,N/A,16366,200,0,8.04,0.0001,65.6,0,N/A,N/A,N/A,15958,
oregon1_010512.txt.gz.full.log, ,11011,22678,303,1529,303,1529,0.610000,1.790000,0.000000,1.790000,2.370000,16.304688,16.730469,16.730469,16.730469,16.730469,19,22.692093,N/A,0.29,N/A,4.4,N/A,N/A,N/A,396,38,10.941016,3.98,0.29,62.8,4.4,N/A,N/A,N/A,5762,57,5.624854,4.1,0.29,62.8,4.4,N/A,N/A,N/A,432,76,1.579239,4.09,0.29,62.8,4.4,N/A,N/A,N/A,62,95,0,4.11,0.29,62.8,4.4,N/A,N/A,N/A,68,114,0,4.46,0.29,62.8,4.4,N/A,N/A,N/A,58,133,0,3.96,0.0001,62.8,0,N/A,N/A,N/A,15192,152,0,4.56,0.0001,65.5,0,N/A,N/A,N/A,16474,171,0,3.96,0.0001,62.8,0,N/A,N/A,N/A,16574,190,0,3.74,0.0001,62.8,0,N/A,N/A,N/A,16264,
oregon1_010519.txt.gz.full.log, ,11051,22725,302,1526,302,1526,0.860000,2.040000,0.000000,2.040000,2.870000,16.304688,16.761719,16.761719,16.761719,16.761719,19,22.258883,N/A,0.75,N/A,4.4,N/A,N/A,N/A,398,38,10.893403,4.07,0.75,62.9,4.4,N/A,N/A,N/A,6538,57,5.299491,3.8,0.75,62.9,4.4,N/A,N/A,N/A,266,76,1.261615,4.08,0.75,62.9,4.4,N/A,N/A,N/A,488,95,0,3.87,0.75,62.9,4.4,N/A,N/A,N/A,150,114,0,4.05,0.75,62.9,4.4,N/A,N/A,N/A,8654,133,0,3.74,0.0001,62.9,0,N/A,N/A,N/A,15278,152,0,3.93,0.0001,62.9,0,N/A,N/A,N/A,15218,171,0,3.74,0.0001,62.9,0,N/A,N/A,N/A,14922,190,0,3.5,0.0001,62.9,0,N/A,N/A,N/A,14540,
oregon1_010526.txt.gz.full.log, ,11174,23410,304,1619,304,1619,0.660000,1.560000,0.000000,1.560000,2.200000,16.308594,16.886719,16.886719,16.886719,16.886719,19,22.434259,N/A,0.24,N/A,4.3,N/A,N/A,N/A,242,38,10.859543,4.34,0.24,64.6,4.3,N/A,N/A,N/A,5718,57,5.539601,4.19,0.24,64.6,4.3,N/A,N/A,N/A,356,76,1.437769,4.5,0.24,64.6,4.3,N/A,N/A,N/A,50,95,0,4.76,0.24,64.6,4.3,N/A,N/A,N/A,14,114,0,4.39,0.24,64.6,4.3,N/A,N/A,N/A,44,133,0,4.14,0.0001,64.6,0,N/A,N/A,N/A,15174,152,0,4.5,0.0001,64.6,0,N/A,N/A,N/A,14746,171,0,4.34,0.0001,64.6,0,N/A,N/A,N/A,14312,190,0,3.97,0.0001,64.6,0,N/A,N/A,N/A,14370,
oregon1_010331.txt.gz.full.log, ,10670,22003,358,1761,358,1761,0.480000,1.450000,0.000000,1.450000,1.920000,16.253906,16.750000,16.750000,16.750000,16.750000,18,31.008504,3.4,0.17,60.4,4.7,N/A,N/A,N/A,104,36,23.739274,4563,0.17,155.9,4.7,N/A,N/A,N/A,20,54,16.578953,3.94,0.17,60.4,4.7,N/A,N/A,N/A,6,72,9.720649,4.04,0.17,60.4,4.7,N/A,N/A,N/A,6,90,2.882188,3.55,0.17,60.4,4.7,N/A,N/A,N/A,10,108,0,3.55,0.17,60.4,4.7,N/A,N/A,N/A,10,126,0,4.97,0.0001,60.4,0,N/A,N/A,N/A,18,144,0,3.4,0.0001,60.4,0,N/A,N/A,N/A,16506,162,0,2.89,0.0001,60.4,0,N/A,N/A,N/A,16342,180,0,3.71,0.0001,60.4,0,N/A,N/A,N/A,15936,
oregon1_010407.txt.gz.full.log, ,10729,22000,331,1563,331,1563,0.480000,1.700000,0.000000,1.700000,2.150000,16.246094,16.804688,16.804688,16.804688,16.804688,18,31.108776,3.62,0.98,60.5,4.3,N/A,N/A,N/A,124,36,23.842297,3.59,0.98,60.5,4.3,N/A,N/A,N/A,10,54,16.8427,3.49,0.98,60.5,4.3,N/A,N/A,N/A,6,72,9.957136,3.69,0.98,60.5,4.3,N/A,N/A,N/A,10,90,3.090172,3.9,0.98,60.5,4.3,N/A,N/A,N/A,6,108,0,3.78,0.98,60.5,4.3,N/A,N/A,N/A,8,126,0,3.68,0.0001,60.5,0,N/A,N/A,N/A,28,144,0,2.89,0.0001,60.5,0,N/A,N/A,N/A,15896,162,0,2.91,0.0001,60.5,0,N/A,N/A,N/A,15750,180,0,2.9,0.0001,60.5,0,N/A,N/A,N/A,15318,
oregon1_010414.txt.gz.full.log, ,10790,22470,303,1564,303,1564,0.580000,1.500000,0.000000,1.500000,2.070000,16.234375,16.746094,16.746094,16.746094,16.746094,20,22.826571,N/A,0.86,N/A,4.5,N/A,N/A,N/A,164,40,10.622114,3.89,0.86,62.2,4.5,N/A,N/A,N/A,6030,60,5.587507,3.77,0.86,62.2,4.5,N/A,N/A,N/A,34,80,1.404135,4.31,0.86,62.2,4.5,N/A,N/A,N/A,34,100,0,3.83,0.86,62.2,4.5,N/A,N/A,N/A,18,120,0,3.78,0.86,62.2,4.5,N/A,N/A,N/A,20,140,0,3.93,0.0001,62.2,0,N/A,N/A,N/A,1206,160,0,3.92,0.0001,62.2,0,N/A,N/A,N/A,14892,180,0,4.21,0.0001,62.2,0,N/A,N/A,N/A,15208,200,0,7.44,0.0001,64.8,0,N/A,N/A,N/A,14112,
oregon1_010428.txt.gz.full.log, ,10886,22494,309,1567,309,1567,0.750000,1.730000,0.000000,1.730000,2.440000,16.308594,16.675781,16.675781,16.675781,16.675781,20,23.271728,N/A,0.73,N/A,4.5,N/A,N/A,N/A,198,40,11.461659,5.71,0.73,62.3,4.5,N/A,N/A,N/A,6386,60,6.033819,5.92,0.73,62.3,4.5,N/A,N/A,N/A,6166,80,1.844279,4.45,0.73,62.3,4.5,N/A,N/A,N/A,100,100,0,5.63,0.73,62.3,4.5,N/A,N/A,N/A,18,120,0,6.44,0.73,62.3,4.5,N/A,N/A,N/A,32,140,0,5.66,0.0001,65.0,0,N/A,N/A,N/A,10158,160,0,5.1,0.0001,62.3,0,N/A,N/A,N/A,15680,180,0,5.89,0.0001,62.3,0,N/A,N/A,N/A,14396,200,0,4.44,0.0001,62.3,0,N/A,N/A,N/A,15136,
oregon1_010505.txt.gz.full.log, ,10943,22608,306,1534,306,1534,0.710000,1.800000,0.000000,1.800000,2.470000,16.308594,16.667969,16.667969,16.667969,16.667969,19,23.097879,N/A,0.56,N/A,4.4,N/A,N/A,N/A,390,38,11.339229,4.25,0.56,62.6,4.4,N/A,N/A,N/A,5848,57,6.180815,3.99,0.56,62.6,4.4,N/A,N/A,N/A,954,76,2.167059,4.43,0.56,62.6,4.4,N/A,N/A,N/A,172,95,0.014544,4.23,0.56,62.6,4.4,N/A,N/A,N/A,36,114,0,4.4,0.56,65.3,4.4,N/A,N/A,N/A,944,133,0,4.12,0.0001,65.3,0,N/A,N/A,N/A,15232,152,0,3.99,0.0001,62.6,0,N/A,N/A,N/A,15744,171,0,3.87,0.0001,62.6,0,N/A,N/A,N/A,15514,190,0,3.92,0.0001,62.6,0,N/A,N/A,N/A,15214,
oregon2_010407.txt.gz.full.log, ,10981,30856,389,2639,389,2639,0.750000,2.310000,0.000000,2.310000,3.020000,16.527344,17.062500,17.062500,17.062500,17.062500,20,N/A,N/A,0.8,N/A,7.4,N/A,N/A,N/A,80,40,13.022221,6.18,0.8,83.1,7.4,N/A,N/A,N/A,338,60,6.768255,5.9,0.8,83.1,7.4,N/A,N/A,N/A,10,80,2.402777,5.87,0.8,83.1,7.4,N/A,N/A,N/A,10,100,0.099205,6.33,0.8,83.1,7.4,N/A,N/A,N/A,10,120,0,5.85,0.8,83.1,7.4,N/A,N/A,N/A,8,140,0,5.88,0.0001,83.1,0,N/A,N/A,N/A,16,160,0,5.81,0.0001,83.1,0,N/A,N/A,N/A,28,180,0,5.45,0.0001,83.1,0,N/A,N/A,N/A,96,200,0,7.99,0.0001,86.6,0,N/A,N/A,N/A,12952,
oregon2_010505.txt.gz.full.log, ,11157,30944,383,2535,383,2535,0.730000,2.140000,0.000000,2.140000,2.840000,16.507812,17.035156,17.035156,17.035156,17.035156,23,24.255983,255.49,0.89,99.0,7.1,N/A,N/A,N/A,346,46,11.514651,7.3,0.89,83.3,7.1,N/A,N/A,N/A,6000,69,5.087511,7.47,0.89,83.3,7.1,N/A,N/A,N/A,7654,92,0.517346,8.42,0.89,83.3,7.1,N/A,N/A,N/A,6088,115,0,7.58,0.89,83.3,7.1,N/A,N/A,N/A,7598,138,0,9.93,0.0001,83.3,0,N/A,N/A,N/A,6882,161,0,9.37,0.0001,83.3,0,N/A,N/A,N/A,10776,184,0,9.08,0.0001,83.3,0,N/A,N/A,N/A,11830,207,0,7.37,0.0001,83.3,0,N/A,N/A,N/A,11660,230,0,8.59,0.0001,83.3,0,N/A,N/A,N/A,11272,
oregon2_010331.txt.gz.full.log, ,10900,31181,402,2806,402,2806,0.850000,2.450000,0.000000,2.450000,3.210000,16.550781,17.007812,17.046875,17.046875,17.046875,20,N/A,N/A,0.42,N/A,7.2,N/A,N/A,N/A,112,40,12.857878,6.07,0.42,83.9,7.2,N/A,N/A,N/A,326,60,7.262866,7.28,0.42,83.9,7.2,N/A,N/A,N/A,10,80,2.974665,7.03,0.42,83.9,7.2,N/A,N/A,N/A,36,100,0.264449,7.13,0.42,83.9,7.2,N/A,N/A,N/A,8,120,0,6.62,0.42,83.9,7.2,N/A,N/A,N/A,14,140,0,6.81,0.0001,83.9,0,N/A,N/A,N/A,8,160,0,7.14,0.0001,83.9,0,N/A,N/A,N/A,18,180,0,6.9,0.0001,83.9,0,N/A,N/A,N/A,10362,200,0,8.16,0.0001,83.9,0,N/A,N/A,N/A,13394,
oregon2_010512.txt.gz.full.log, ,11260,31304,390,2545,390,2545,0.720000,1.990000,0.000000,1.990000,2.670000,16.488281,17.046875,17.046875,17.046875,17.046875,23,23.749809,458.05,0.73,97.2,7.2,N/A,N/A,N/A,336,46,11.084422,5.91,0.73,84.3,7.2,N/A,N/A,N/A,6170,69,4.594782,8.87,0.73,84.3,7.2,N/A,N/A,N/A,7868,92,0.325786,10.36,0.73,84.3,7.2,N/A,N/A,N/A,11986,115,0,10.12,0.73,84.3,7.2,N/A,N/A,N/A,10964,138,0,10.83,0.0001,84.3,0,N/A,N/A,N/A,10608,161,0,7.53,0.0001,84.3,0,N/A,N/A,N/A,12640,184,0,6.88,0.0001,84.3,0,N/A,N/A,N/A,12018,207,0,6.58,0.0001,84.3,0,N/A,N/A,N/A,12816,230,0,6.36,0.0001,84.3,0,N/A,N/A,N/A,14922,
oregon2_010428.txt.gz.full.log, ,11113,31435,398,2693,398,2693,0.960000,2.440000,0.000000,2.440000,3.360000,16.535156,17.160156,17.312500,17.312500,17.312500,23,25.877117,217.14,0.58,105.8,7.5,N/A,N/A,N/A,244,46,12.58282,6.91,0.58,84.5,7.5,N/A,N/A,N/A,6454,69,5.931819,7.75,0.58,84.5,7.5,N/A,N/A,N/A,7456,92,0.753081,7.76,0.58,84.5,7.5,N/A,N/A,N/A,11332,115,0,7.38,0.58,84.5,7.5,N/A,N/A,N/A,11138,138,0,6.58,0.0001,84.5,0,N/A,N/A,N/A,10356,161,0,7.07,0.0001,88.1,0,N/A,N/A,N/A,10820,184,0,7,0.0001,84.5,0,N/A,N/A,N/A,12416,207,0,6.94,0.0001,84.5,0,N/A,N/A,N/A,14730,230,0,6.45,0.0001,84.5,0,N/A,N/A,N/A,14942,
oregon2_010421.txt.gz.full.log, ,11080,31539,383,2671,383,2671,0.730000,2.080000,0.000000,2.080000,2.780000,16.535156,17.070312,17.070312,17.070312,17.070312,23,25.13921,403.04,0.28,108.8,6.9,N/A,N/A,N/A,338,46,11.964813,6.14,0.28,84.7,6.9,N/A,N/A,N/A,6892,69,5.525523,6.2,0.28,84.7,6.9,N/A,N/A,N/A,8622,92,0.500387,6.38,0.28,84.7,6.9,N/A,N/A,N/A,10774,115,0,6.77,0.28,84.7,6.9,N/A,N/A,N/A,11184,138,0,7.07,0.0001,84.7,0,N/A,N/A,N/A,10540,161,0,6.86,0.0001,84.7,0,N/A,N/A,N/A,13396,184,0,8.77,0.0001,84.7,0,N/A,N/A,N/A,12706,207,0,6.55,0.0001,84.7,0,N/A,N/A,N/A,12496,230,0,6.56,0.0001,84.7,0,N/A,N/A,N/A,11558,
oregon2_010414.txt.gz.full.log, ,11019,31762,385,2722,385,2722,0.780000,2.070000,0.000000,2.070000,2.810000,16.550781,17.089844,17.382812,17.382812,17.382812,23,25.400469,106.88,0.86,97.1,7.6,N/A,N/A,N/A,800,46,12.138417,6.06,0.86,85.3,7.6,N/A,N/A,N/A,6708,69,5.699847,6.15,0.86,85.3,7.6,N/A,N/A,N/A,8870,92,0.766331,6.84,0.86,85.3,7.6,N/A,N/A,N/A,10354,115,0,6.82,0.86,85.3,7.6,N/A,N/A,N/A,11450,138,0,6.75,0.0001,85.3,0,N/A,N/A,N/A,10282,161,0,8.85,0.0001,85.3,0,N/A,N/A,N/A,9976,184,0,6.83,0.0001,85.3,0,N/A,N/A,N/A,11138,207,0,30.44,0.0001,88.9,0,N/A,N/A,N/A,11808,230,0,6.8,0.0001,85.3,0,N/A,N/A,N/A,14736,
oregon2_010519.txt.gz.full.log, ,11375,32288,388,2619,388,2619,0.930000,2.990000,0.000000,2.990000,3.840000,16.789062,17.167969,17.285156,17.285156,17.285156,23,23.62928,544.52,0.27,114.8,7.1,N/A,N/A,N/A,238,46,10.789733,6.09,0.27,86.7,7.1,N/A,N/A,N/A,7044,69,4.229278,6.34,0.27,86.7,7.1,N/A,N/A,N/A,6852,92,0.23346,6.91,0.27,86.7,7.1,N/A,N/A,N/A,12056,115,0,7.35,0.27,86.7,7.1,N/A,N/A,N/A,10396,138,0,7.11,0.0001,86.7,0,N/A,N/A,N/A,10816,161,0,6.78,0.0001,86.7,0,N/A,N/A,N/A,13108,184,0,6.83,0.0001,86.7,0,N/A,N/A,N/A,12274,207,0,6.51,0.0001,86.7,0,N/A,N/A,N/A,12362,230,0,12.48,0.0001,90.4,0,N/A,N/A,N/A,14854,
oregon2_010526.txt.gz.full.log, ,11461,32731,391,2677,391,2677,1.050000,2.760000,0.020000,2.780000,3.810000,16.699219,17.281250,17.289062,17.289062,17.289062,23,25.574145,112441,1.46,3250.1,7.5,N/A,N/A,N/A,92,46,11.446344,7.02,1.46,87.8,7.5,N/A,N/A,N/A,5190,69,4.773989,7.08,1.46,87.8,7.5,N/A,N/A,N/A,6180,92,0.387942,7.67,1.46,87.8,7.5,N/A,N/A,N/A,308,115,0,7.88,1.46,87.8,7.5,N/A,N/A,N/A,842,138,0,11.75,0.0001,91.5,0,N/A,N/A,N/A,1232,161,0,7.37,0.0001,87.8,0,N/A,N/A,N/A,21310,184,0,7.09,0.0001,87.8,0,N/A,N/A,N/A,13030,207,0,8.1,0.0001,87.8,0,N/A,N/A,N/A,14082,230,0,7.8,0.0001,87.8,0,N/A,N/A,N/A,13072,
p2p-Gnutella04.txt.gz.full.log, ,10876,39994,4155,18575,4155,18575,0.670000,4.370000,65.300000,69.670000,70.300000,16.781250,17.464844,17.617188,17.617188,17.617188,7,28.087208,330.81,110.43,116.4,53.1,N/A,N/A,N/A,338,14,23.017442,232.42,110.43,110.9,53.1,N/A,N/A,N/A,22,21,18.116282,119.18,110.43,110.9,53.1,N/A,N/A,N/A,42,28,13.296515,36.28,110.43,105.7,53.1,N/A,N/A,N/A,48,35,8.558141,46.46,110.43,105.7,53.1,N/A,N/A,N/A,4530,42,4.098839,53.46,110.43,105.7,53.1,N/A,N/A,N/A,5078,49,0.854651,149.05,110.43,105.7,53.1,N/A,N/A,N/A,4614,56,0,533.44,0.0001,105.7,0,N/A,N/A,N/A,4616,63,0,48.98,0.0001,105.7,0,N/A,N/A,N/A,3970,70,0,452.7,0.0001,110.3,0,N/A,N/A,N/A,4440,
p2p-Gnutella24.txt.gz.full.log, ,26518,65369,6296,22903,6296,22903,4.390000,13.570000,91.210000,104.780000,109.110000,19.636719,20.750000,20.750000,20.750000,20.750000,3,2.571429,51.17,1.82,178.6,61.5,N/A,N/A,N/A,3230,6,2.205069,53.38,1.82,178.6,61.5,N/A,N/A,N/A,1284,9,1.850229,51.07,1.82,178.6,61.5,N/A,N/A,N/A,500,12,1.504608,51.44,1.82,178.6,61.5,N/A,N/A,N/A,232,15,1.161291,52.01,1.82,178.6,61.5,N/A,N/A,N/A,88,18,0.831798,58.95,1.82,178.6,61.5,N/A,N/A,N/A,96,21,0.539171,67.52,1.82,187.4,61.5,N/A,N/A,N/A,60,24,0.320277,55.32,1.82,178.6,61.5,N/A,N/A,N/A,42,27,0.149769,56.63,1.82,178.6,61.5,N/A,N/A,N/A,66,30,0,7.17,0.0001,178.6,0,N/A,N/A,N/A,32,
p2p-Gnutella25.txt.gz.full.log, ,22687,54705,5110,17651,5110,17651,2.890000,9.450000,51.510000,60.960000,63.800000,18.722656,19.835938,19.835938,19.835938,19.835938,3,13.48,93.01,11.52,158.3,47.0,N/A,N/A,N/A,3474,6,11.78,104.84,11.52,158.3,47.0,N/A,N/A,N/A,1018,9,10.1,1628.13,11.52,163.2,47.0,N/A,N/A,N/A,422,12,8.44,337.26,11.52,163.0,47.0,N/A,N/A,N/A,284,15,6.42,204.77,11.52,158.3,47.0,N/A,N/A,N/A,294,18,4.21,38.45,11.52,150.8,47.0,N/A,N/A,N/A,138,21,2.75,78.57,11.52,150.8,47.0,N/A,N/A,N/A,94,24,1.64,62.84,11.52,150.8,47.0,N/A,N/A,N/A,60,27,0.7,116.31,11.52,150.8,47.0,N/A,N/A,N/A,64,30,0,45.68,0.0001,150.8,0,N/A,N/A,N/A,40,
p2p-Gnutella30.txt.gz.full.log, ,36682,88328,8436,31714,8436,31714,6.470000,27.560000,210.360000,237.920000,244.330000,21.589844,23.394531,23.394531,23.394531,23.394531,4,6.888888,103.7,896.82,243.9,88.2,N/A,N/A,N/A,2878,8,4.35185,108.13,896.82,243.9,88.2,N/A,N/A,N/A,1024,12,1.972221,107.54,896.82,243.9,88.2,N/A,N/A,N/A,606,16,0.25,96.98,896.82,243.9,88.2,N/A,N/A,N/A,1408,20,0,132.67,0.0001,243.9,0,N/A,N/A,N/A,400,24,0,432.73,0.0001,243.9,0,N/A,N/A,N/A,10720,28,0,486.2,0.0001,243.9,0,N/A,N/A,N/A,5630,32,0,448.18,0.0001,243.9,0,N/A,N/A,N/A,106,36,0,1739.16,0.0001,254.4,0,N/A,N/A,N/A,15158,40,0,2535.26,0.0001,254.4,0,N/A,N/A,N/A,15138,
p2p-Gnutella31.txt.gz.full.log, ,62586,147892,14024,50857,14023,50855,15.270000,156.250000,816.230000,972.480000,987.490000,26.937500,29.796875,29.796875,29.796875,29.796875,6,8.486305,299.39,2078.91,403.8,141.8,N/A,N/A,N/A,2794,12,4.780824,309.72,2078.91,403.8,141.8,N/A,N/A,N/A,328,18,2.164386,316.26,2078.91,403.8,141.8,N/A,N/A,N/A,168,24,0.376713,52695,2078.91,403.8,141.8,N/A,N/A,N/A,128,30,0,16154,0.0001,403.8,0,N/A,N/A,N/A,730,36,0,12290,0.0001,403.8,0,N/A,N/A,N/A,7246,42,0,3297.87,0.0001,403.8,0,N/A,N/A,N/A,3808,48,0,1844.82,0.0001,403.8,0,N/A,N/A,N/A,5910,54,0,4116,0.0001,421.2,0,N/A,N/A,N/A,7606,60,0,5200,0.0001,421.3,0,N/A,N/A,N/A,7334,
roadNet-CA.txt.gz.full.log,timeout for reductions,1965206,5533214,1641786,4890284,N/A,N/A,21257.540000,2644.500000,N/A,N/A,N/A,497.597656,681.019531,N/A,N/A,N/A,1,N/A,N/A,N/A,N/A,N/A,N/A,N/A,N/A,8,2,N/A,N/A,N/A,N/A,N/A,N/A,N/A,N/A,10,3,N/A,N/A,N/A,N/A,N/A,N/A,N/A,N/A,10,4,N/A,N/A,N/A,N/A,N/A,N/A,N/A,N/A,8,5,N/A,N/A,N/A,N/A,N/A,N/A,N/A,N/A,8,6,N/A,N/A,N/A,N/A,N/A,N/A,N/A,N/A,8,7,N/A,N/A,N/A,N/A,N/A,N/A,N/A,N/A,8,8,N/A,N/A,N/A,N/A,N/A,N/A,N/A,N/A,8,9,N/A,N/A,N/A,N/A,N/A,N/A,N/A,N/A,0,N/A,exceeded min_s_t,N/A,N/A,N/A,N/A,exceeded min_s_t,N/A,N/A,N/A,
roadNet-PA.txt.gz.full.log,timeout for reductions,1088092,3083796,899629,2707153,N/A,N/A,2174.420000,794.540000,N/A,N/A,N/A,283.898438,387.832031,N/A,N/A,N/A,1,N/A,N/A,N/A,N/A,N/A,N/A,N/A,N/A,32,2,N/A,N/A,N/A,N/A,N/A,N/A,N/A,N/A,36,3,N/A,N/A,N/A,N/A,N/A,N/A,N/A,N/A,32,4,N/A,N/A,N/A,N/A,N/A,N/A,N/A,N/A,36,5,N/A,N/A,N/A,N/A,N/A,N/A,N/A,N/A,34,6,N/A,N/A,N/A,N/A,N/A,N/A,N/A,N/A,32,7,N/A,N/A,N/A,N/A,N/A,N/A,N/A,N/A,28,8,N/A,N/A,N/A,N/A,N/A,N/A,N/A,N/A,28,N/A,exceeded min_s_t,N/A,N/A,N/A,N/A,exceeded min_s_t,N/A,N/A,N/A,N/A,exceeded min_s_t,N/A,N/A,N/A,N/A,exceeded min_s_t,N/A,N/A,N/A,
roadNet-TX.txt.gz.full.log,timeout for reductions,1379917,3843320,1103605,3263326,N/A,N/A,5055.770000,2551.700000,N/A,N/A,N/A,350.851562,468.710938,N/A,N/A,N/A,1,N/A,N/A,N/A,N/A,N/A,N/A,N/A,N/A,364,2,N/A,N/A,N/A,N/A,N/A,N/A,N/A,N/A,10,3,1.833333,24299,N/A,10495.6,N/A,N/A,N/A,N/A,284,4,1.166666,238484,N/A,10495.6,N/A,N/A,N/A,N/A,144,5,N/A,N/A,N/A,N/A,N/A,N/A,N/A,N/A,86,6,0,119.24,N/A,10495.6,N/A,N/A,N/A,N/A,58,7,0,113.94,N/A,10495.6,N/A,N/A,N/A,N/A,52,8,0,114.89,N/A,10495.6,N/A,N/A,N/A,N/A,26,9,0,112.6,N/A,10495.6,N/A,N/A,N/A,N/A,34,10,0,102.13,N/A,10495.6,N/A,N/A,N/A,N/A,26,
soc-Epinions1.txt.gz.full.log, ,75879,508837,26762,433186,25815,431129,33.580000,271.900000,45434.990000,45706.890000,45740.320000,40.191406,53.378906,53.378906,53.378906,53.378906,180,N/A,N/A,N/A,N/A,N/A,N/A,N/A,N/A,4,360,N/A,N/A,N/A,N/A,N/A,N/A,N/A,N/A,4,540,N/A,N/A,N/A,N/A,N/A,N/A,N/A,N/A,6,720,N/A,N/A,N/A,N/A,N/A,N/A,N/A,N/A,4,900,N/A,N/A,N/A,N/A,N/A,N/A,N/A,N/A,8,1080,N/A,N/A,N/A,N/A,N/A,N/A,N/A,N/A,6,1260,N/A,N/A,N/A,N/A,N/A,N/A,N/A,N/A,2,1440,N/A,N/A,N/A,N/A,N/A,N/A,N/A,N/A,4,1620,N/A,N/A,N/A,N/A,N/A,N/A,N/A,N/A,4,1800,N/A,N/A,0.0001,N/A,0,N/A,N/A,N/A,4,
soc-lj-comm-members-05.txt.gz.full.log,timeout for LP creation without reductions,1522150,10459169,N/A,N/A,N/A,N/A,N/A,N/A,N/A,N/A,N/A,N/A,N/A,N/A,N/A,N/A,N/A,N/A,N/A,N/A,N/A,N/A,N/A,N/A,N/A,N/A,N/A,N/A,N/A,N/A,N/A,N/A,N/A,N/A,N/A,N/A,N/A,N/A,N/A,N/A,N/A,N/A,N/A,N/A,N/A,N/A,N/A,N/A,N/A,N/A,N/A,N/A,N/A,N/A,N/A,N/A,N/A,N/A,N/A,N/A,N/A,N/A,N/A,N/A,N/A,N/A,N/A,N/A,N/A,N/A,N/A,N/A,N/A,N/A,N/A,N/A,N/A,N/A,N/A,N/A,N/A,N/A,N/A,N/A,N/A,N/A,N/A,N/A,N/A,N/A,N/A,N/A,N/A,N/A,N/A,N/A,N/A,N/A,N/A,N/A,N/A,N/A,N/A,N/A,N/A,N/A,N/A,N/A,N/A,N/A,N/A,N/A,N/A,N/A,N/A,N/A,
soc-lj-comm-members-06.txt.gz.full.log,timeout for LP creation without reductions,1535897,10599829,N/A,N/A,N/A,N/A,N/A,N/A,N/A,N/A,N/A,N/A,N/A,N/A,N/A,N/A,N/A,N/A,N/A,N/A,N/A,N/A,N/A,N/A,N/A,N/A,N/A,N/A,N/A,N/A,N/A,N/A,N/A,N/A,N/A,N/A,N/A,N/A,N/A,N/A,N/A,N/A,N/A,N/A,N/A,N/A,N/A,N/A,N/A,N/A,N/A,N/A,N/A,N/A,N/A,N/A,N/A,N/A,N/A,N/A,N/A,N/A,N/A,N/A,N/A,N/A,N/A,N/A,N/A,N/A,N/A,N/A,N/A,N/A,N/A,N/A,N/A,N/A,N/A,N/A,N/A,N/A,N/A,N/A,N/A,N/A,N/A,N/A,N/A,N/A,N/A,N/A,N/A,N/A,N/A,N/A,N/A,N/A,N/A,N/A,N/A,N/A,N/A,N/A,N/A,N/A,N/A,N/A,N/A,N/A,N/A,N/A,N/A,N/A,N/A,N/A,
soc-lj-comm-members-07.txt.gz.full.log,timeout for LP creation without reductions,1546625,10709929,N/A,N/A,N/A,N/A,N/A,N/A,N/A,N/A,N/A,N/A,N/A,N/A,N/A,N/A,N/A,N/A,N/A,N/A,N/A,N/A,N/A,N/A,N/A,N/A,N/A,N/A,N/A,N/A,N/A,N/A,N/A,N/A,N/A,N/A,N/A,N/A,N/A,N/A,N/A,N/A,N/A,N/A,N/A,N/A,N/A,N/A,N/A,N/A,N/A,N/A,N/A,N/A,N/A,N/A,N/A,N/A,N/A,N/A,N/A,N/A,N/A,N/A,N/A,N/A,N/A,N/A,N/A,N/A,N/A,N/A,N/A,N/A,N/A,N/A,N/A,N/A,N/A,N/A,N/A,N/A,N/A,N/A,N/A,N/A,N/A,N/A,N/A,N/A,N/A,N/A,N/A,N/A,N/A,N/A,N/A,N/A,N/A,N/A,N/A,N/A,N/A,N/A,N/A,N/A,N/A,N/A,N/A,N/A,N/A,N/A,N/A,N/A,N/A,N/A,
soc-lj-comm-members-08.txt.gz.full.log,timeout for LP creation without reductions,1568567,10923608,N/A,N/A,N/A,N/A,N/A,N/A,N/A,N/A,N/A,N/A,N/A,N/A,N/A,N/A,N/A,N/A,N/A,N/A,N/A,N/A,N/A,N/A,N/A,N/A,N/A,N/A,N/A,N/A,N/A,N/A,N/A,N/A,N/A,N/A,N/A,N/A,N/A,N/A,N/A,N/A,N/A,N/A,N/A,N/A,N/A,N/A,N/A,N/A,N/A,N/A,N/A,N/A,N/A,N/A,N/A,N/A,N/A,N/A,N/A,N/A,N/A,N/A,N/A,N/A,N/A,N/A,N/A,N/A,N/A,N/A,N/A,N/A,N/A,N/A,N/A,N/A,N/A,N/A,N/A,N/A,N/A,N/A,N/A,N/A,N/A,N/A,N/A,N/A,N/A,N/A,N/A,N/A,N/A,N/A,N/A,N/A,N/A,N/A,N/A,N/A,N/A,N/A,N/A,N/A,N/A,N/A,N/A,N/A,N/A,N/A,N/A,N/A,N/A,N/A,
soc-lj-comm-members-09.txt.gz.full.log,timeout for LP creation without reductions,1591164,11146470,N/A,N/A,N/A,N/A,N/A,N/A,N/A,N/A,N/A,N/A,N/A,N/A,N/A,N/A,N/A,N/A,N/A,N/A,N/A,N/A,N/A,N/A,N/A,N/A,N/A,N/A,N/A,N/A,N/A,N/A,N/A,N/A,N/A,N/A,N/A,N/A,N/A,N/A,N/A,N/A,N/A,N/A,N/A,N/A,N/A,N/A,N/A,N/A,N/A,N/A,N/A,N/A,N/A,N/A,N/A,N/A,N/A,N/A,N/A,N/A,N/A,N/A,N/A,N/A,N/A,N/A,N/A,N/A,N/A,N/A,N/A,N/A,N/A,N/A,N/A,N/A,N/A,N/A,N/A,N/A,N/A,N/A,N/A,N/A,N/A,N/A,N/A,N/A,N/A,N/A,N/A,N/A,N/A,N/A,N/A,N/A,N/A,N/A,N/A,N/A,N/A,N/A,N/A,N/A,N/A,N/A,N/A,N/A,N/A,N/A,N/A,N/A,N/A,N/A,
soc-lj-comm-members-10.txt.gz.full.log,timeout for LP creation without reductions,1625776,11500965,N/A,N/A,N/A,N/A,N/A,N/A,N/A,N/A,N/A,N/A,N/A,N/A,N/A,N/A,N/A,N/A,N/A,N/A,N/A,N/A,N/A,N/A,N/A,N/A,N/A,N/A,N/A,N/A,N/A,N/A,N/A,N/A,N/A,N/A,N/A,N/A,N/A,N/A,N/A,N/A,N/A,N/A,N/A,N/A,N/A,N/A,N/A,N/A,N/A,N/A,N/A,N/A,N/A,N/A,N/A,N/A,N/A,N/A,N/A,N/A,N/A,N/A,N/A,N/A,N/A,N/A,N/A,N/A,N/A,N/A,N/A,N/A,N/A,N/A,N/A,N/A,N/A,N/A,N/A,N/A,N/A,N/A,N/A,N/A,N/A,N/A,N/A,N/A,N/A,N/A,N/A,N/A,N/A,N/A,N/A,N/A,N/A,N/A,N/A,N/A,N/A,N/A,N/A,N/A,N/A,N/A,N/A,N/A,N/A,N/A,N/A,N/A,N/A,N/A,
soc-lj-comm-members-11.txt.gz.full.log,timeout for LP creation without reductions,1645284,11709000,N/A,N/A,N/A,N/A,N/A,N/A,N/A,N/A,N/A,N/A,N/A,N/A,N/A,N/A,N/A,N/A,N/A,N/A,N/A,N/A,N/A,N/A,N/A,N/A,N/A,N/A,N/A,N/A,N/A,N/A,N/A,N/A,N/A,N/A,N/A,N/A,N/A,N/A,N/A,N/A,N/A,N/A,N/A,N/A,N/A,N/A,N/A,N/A,N/A,N/A,N/A,N/A,N/A,N/A,N/A,N/A,N/A,N/A,N/A,N/A,N/A,N/A,N/A,N/A,N/A,N/A,N/A,N/A,N/A,N/A,N/A,N/A,N/A,N/A,N/A,N/A,N/A,N/A,N/A,N/A,N/A,N/A,N/A,N/A,N/A,N/A,N/A,N/A,N/A,N/A,N/A,N/A,N/A,N/A,N/A,N/A,N/A,N/A,N/A,N/A,N/A,N/A,N/A,N/A,N/A,N/A,N/A,N/A,N/A,N/A,N/A,N/A,N/A,N/A,
soc-lj-comm-members-12.txt.gz.full.log,timeout for LP creation without reductions,1726665,12572267,N/A,N/A,N/A,N/A,N/A,N/A,N/A,N/A,N/A,N/A,N/A,N/A,N/A,N/A,N/A,N/A,N/A,N/A,N/A,N/A,N/A,N/A,N/A,N/A,N/A,N/A,N/A,N/A,N/A,N/A,N/A,N/A,N/A,N/A,N/A,N/A,N/A,N/A,N/A,N/A,N/A,N/A,N/A,N/A,N/A,N/A,N/A,N/A,N/A,N/A,N/A,N/A,N/A,N/A,N/A,N/A,N/A,N/A,N/A,N/A,N/A,N/A,N/A,N/A,N/A,N/A,N/A,N/A,N/A,N/A,N/A,N/A,N/A,N/A,N/A,N/A,N/A,N/A,N/A,N/A,N/A,N/A,N/A,N/A,N/A,N/A,N/A,N/A,N/A,N/A,N/A,N/A,N/A,N/A,N/A,N/A,N/A,N/A,N/A,N/A,N/A,N/A,N/A,N/A,N/A,N/A,N/A,N/A,N/A,N/A,N/A,N/A,N/A,N/A,
soc-lj-comm-watchers-05.txt.gz.full.log,timeout for LP creation without reductions,1121911,8152295,N/A,N/A,N/A,N/A,N/A,N/A,N/A,N/A,N/A,N/A,N/A,N/A,N/A,N/A,N/A,N/A,N/A,N/A,N/A,N/A,N/A,N/A,N/A,N/A,N/A,N/A,N/A,N/A,N/A,N/A,N/A,N/A,N/A,N/A,N/A,N/A,N/A,N/A,N/A,N/A,N/A,N/A,N/A,N/A,N/A,N/A,N/A,N/A,N/A,N/A,N/A,N/A,N/A,N/A,N/A,N/A,N/A,N/A,N/A,N/A,N/A,N/A,N/A,N/A,N/A,N/A,N/A,N/A,N/A,N/A,N/A,N/A,N/A,N/A,N/A,N/A,N/A,N/A,N/A,N/A,N/A,N/A,N/A,N/A,N/A,N/A,N/A,N/A,N/A,N/A,N/A,N/A,N/A,N/A,N/A,N/A,N/A,N/A,N/A,N/A,N/A,N/A,N/A,N/A,N/A,N/A,N/A,N/A,N/A,N/A,N/A,N/A,N/A,N/A,
soc-lj-comm-watchers-06.txt.gz.full.log,timeout for LP creation without reductions,1133705,8287306,N/A,N/A,N/A,N/A,N/A,N/A,N/A,N/A,N/A,N/A,N/A,N/A,N/A,N/A,N/A,N/A,N/A,N/A,N/A,N/A,N/A,N/A,N/A,N/A,N/A,N/A,N/A,N/A,N/A,N/A,N/A,N/A,N/A,N/A,N/A,N/A,N/A,N/A,N/A,N/A,N/A,N/A,N/A,N/A,N/A,N/A,N/A,N/A,N/A,N/A,N/A,N/A,N/A,N/A,N/A,N/A,N/A,N/A,N/A,N/A,N/A,N/A,N/A,N/A,N/A,N/A,N/A,N/A,N/A,N/A,N/A,N/A,N/A,N/A,N/A,N/A,N/A,N/A,N/A,N/A,N/A,N/A,N/A,N/A,N/A,N/A,N/A,N/A,N/A,N/A,N/A,N/A,N/A,N/A,N/A,N/A,N/A,N/A,N/A,N/A,N/A,N/A,N/A,N/A,N/A,N/A,N/A,N/A,N/A,N/A,N/A,N/A,N/A,N/A,
soc-lj-comm-watchers-07.txt.gz.full.log,timeout for LP creation without reductions,1142964,8393172,N/A,N/A,N/A,N/A,N/A,N/A,N/A,N/A,N/A,N/A,N/A,N/A,N/A,N/A,N/A,N/A,N/A,N/A,N/A,N/A,N/A,N/A,N/A,N/A,N/A,N/A,N/A,N/A,N/A,N/A,N/A,N/A,N/A,N/A,N/A,N/A,N/A,N/A,N/A,N/A,N/A,N/A,N/A,N/A,N/A,N/A,N/A,N/A,N/A,N/A,N/A,N/A,N/A,N/A,N/A,N/A,N/A,N/A,N/A,N/A,N/A,N/A,N/A,N/A,N/A,N/A,N/A,N/A,N/A,N/A,N/A,N/A,N/A,N/A,N/A,N/A,N/A,N/A,N/A,N/A,N/A,N/A,N/A,N/A,N/A,N/A,N/A,N/A,N/A,N/A,N/A,N/A,N/A,N/A,N/A,N/A,N/A,N/A,N/A,N/A,N/A,N/A,N/A,N/A,N/A,N/A,N/A,N/A,N/A,N/A,N/A,N/A,N/A,N/A,
soc-lj-comm-watchers-08.txt.gz.full.log,timeout for LP creation without reductions,1161183,8586466,N/A,N/A,N/A,N/A,N/A,N/A,N/A,N/A,N/A,N/A,N/A,N/A,N/A,N/A,N/A,N/A,N/A,N/A,N/A,N/A,N/A,N/A,N/A,N/A,N/A,N/A,N/A,N/A,N/A,N/A,N/A,N/A,N/A,N/A,N/A,N/A,N/A,N/A,N/A,N/A,N/A,N/A,N/A,N/A,N/A,N/A,N/A,N/A,N/A,N/A,N/A,N/A,N/A,N/A,N/A,N/A,N/A,N/A,N/A,N/A,N/A,N/A,N/A,N/A,N/A,N/A,N/A,N/A,N/A,N/A,N/A,N/A,N/A,N/A,N/A,N/A,N/A,N/A,N/A,N/A,N/A,N/A,N/A,N/A,N/A,N/A,N/A,N/A,N/A,N/A,N/A,N/A,N/A,N/A,N/A,N/A,N/A,N/A,N/A,N/A,N/A,N/A,N/A,N/A,N/A,N/A,N/A,N/A,N/A,N/A,N/A,N/A,N/A,N/A,
soc-lj-comm-watchers-09.txt.gz.full.log,timeout for LP creation without reductions,1179546,8786316,N/A,N/A,N/A,N/A,N/A,N/A,N/A,N/A,N/A,N/A,N/A,N/A,N/A,N/A,N/A,N/A,N/A,N/A,N/A,N/A,N/A,N/A,N/A,N/A,N/A,N/A,N/A,N/A,N/A,N/A,N/A,N/A,N/A,N/A,N/A,N/A,N/A,N/A,N/A,N/A,N/A,N/A,N/A,N/A,N/A,N/A,N/A,N/A,N/A,N/A,N/A,N/A,N/A,N/A,N/A,N/A,N/A,N/A,N/A,N/A,N/A,N/A,N/A,N/A,N/A,N/A,N/A,N/A,N/A,N/A,N/A,N/A,N/A,N/A,N/A,N/A,N/A,N/A,N/A,N/A,N/A,N/A,N/A,N/A,N/A,N/A,N/A,N/A,N/A,N/A,N/A,N/A,N/A,N/A,N/A,N/A,N/A,N/A,N/A,N/A,N/A,N/A,N/A,N/A,N/A,N/A,N/A,N/A,N/A,N/A,N/A,N/A,N/A,N/A,
soc-lj-comm-watchers-10.txt.gz.full.log,timeout for LP creation without reductions,1208728,9115150,N/A,N/A,N/A,N/A,N/A,N/A,N/A,N/A,N/A,N/A,N/A,N/A,N/A,N/A,N/A,N/A,N/A,N/A,N/A,N/A,N/A,N/A,N/A,N/A,N/A,N/A,N/A,N/A,N/A,N/A,N/A,N/A,N/A,N/A,N/A,N/A,N/A,N/A,N/A,N/A,N/A,N/A,N/A,N/A,N/A,N/A,N/A,N/A,N/A,N/A,N/A,N/A,N/A,N/A,N/A,N/A,N/A,N/A,N/A,N/A,N/A,N/A,N/A,N/A,N/A,N/A,N/A,N/A,N/A,N/A,N/A,N/A,N/A,N/A,N/A,N/A,N/A,N/A,N/A,N/A,N/A,N/A,N/A,N/A,N/A,N/A,N/A,N/A,N/A,N/A,N/A,N/A,N/A,N/A,N/A,N/A,N/A,N/A,N/A,N/A,N/A,N/A,N/A,N/A,N/A,N/A,N/A,N/A,N/A,N/A,N/A,N/A,N/A,N/A,
soc-lj-comm-watchers-11.txt.gz.full.log,timeout for LP creation without reductions,1226781,9305485,N/A,N/A,N/A,N/A,N/A,N/A,N/A,N/A,N/A,N/A,N/A,N/A,N/A,N/A,N/A,N/A,N/A,N/A,N/A,N/A,N/A,N/A,N/A,N/A,N/A,N/A,N/A,N/A,N/A,N/A,N/A,N/A,N/A,N/A,N/A,N/A,N/A,N/A,N/A,N/A,N/A,N/A,N/A,N/A,N/A,N/A,N/A,N/A,N/A,N/A,N/A,N/A,N/A,N/A,N/A,N/A,N/A,N/A,N/A,N/A,N/A,N/A,N/A,N/A,N/A,N/A,N/A,N/A,N/A,N/A,N/A,N/A,N/A,N/A,N/A,N/A,N/A,N/A,N/A,N/A,N/A,N/A,N/A,N/A,N/A,N/A,N/A,N/A,N/A,N/A,N/A,N/A,N/A,N/A,N/A,N/A,N/A,N/A,N/A,N/A,N/A,N/A,N/A,N/A,N/A,N/A,N/A,N/A,N/A,N/A,N/A,N/A,N/A,N/A,
soc-lj-comm-watchers-12.txt.gz.full.log,timeout for LP creation without reductions,1332650,10130243,N/A,N/A,N/A,N/A,N/A,N/A,N/A,N/A,N/A,N/A,N/A,N/A,N/A,N/A,N/A,N/A,N/A,N/A,N/A,N/A,N/A,N/A,N/A,N/A,N/A,N/A,N/A,N/A,N/A,N/A,N/A,N/A,N/A,N/A,N/A,N/A,N/A,N/A,N/A,N/A,N/A,N/A,N/A,N/A,N/A,N/A,N/A,N/A,N/A,N/A,N/A,N/A,N/A,N/A,N/A,N/A,N/A,N/A,N/A,N/A,N/A,N/A,N/A,N/A,N/A,N/A,N/A,N/A,N/A,N/A,N/A,N/A,N/A,N/A,N/A,N/A,N/A,N/A,N/A,N/A,N/A,N/A,N/A,N/A,N/A,N/A,N/A,N/A,N/A,N/A,N/A,N/A,N/A,N/A,N/A,N/A,N/A,N/A,N/A,N/A,N/A,N/A,N/A,N/A,N/A,N/A,N/A,N/A,N/A,N/A,N/A,N/A,N/A,N/A,
soc-redditHyperlinks-title.tsv.gz.full.log, ,54075,234792,12789,144403,12499,143777,12.410000,302.800000,1774.920000,2077.720000,2089.980000,28.500000,31.925781,31.925781,31.925781,31.925781,13,2.527971,1375.61,260.26,628.7,370.5,N/A,N/A,N/A,158,26,1.524397,1581.02,260.26,628.7,370.5,N/A,N/A,N/A,66,39,0.821991,2966.86,260.26,628.7,370.5,N/A,N/A,N/A,30,52,0.342129,5148,260.26,628.7,370.5,N/A,N/A,N/A,16,65,0,3861,0.0001,628.7,0,N/A,N/A,N/A,38,78,0,1359.89,0.0001,628.7,0,N/A,N/A,N/A,20,91,0,1442.53,0.0001,628.7,0,N/A,N/A,N/A,6086,104,0,470.72,0.0001,628.7,0,N/A,N/A,N/A,44,117,0,470.57,0.0001,628.7,0,N/A,N/A,N/A,6822,130,0,469.13,0.0001,628.7,0,N/A,N/A,N/A,6644,
soc-redditHyperlinks-body.tsv.gz.full.log, ,35776,137821,10125,95476,9849,94853,4.020000,68.130000,690.620000,758.750000,762.690000,23.179688,25.832031,25.832031,25.832031,25.832031,134,444.213588,9451,110780,383.3,253.3,N/A,N/A,N/A,6,268,370.051247,19635,110780,383.3,253.3,N/A,N/A,N/A,6,402,297.93817,23196,110780,367.6,253.3,N/A,N/A,N/A,6,536,226.817404,27360,110780,367.6,253.3,N/A,N/A,N/A,4,670,156.536574,24874,110780,383.3,253.3,N/A,N/A,N/A,6,804,86.860136,28057,110780,383.3,253.3,N/A,N/A,N/A,6,938,29.046983,81877,110780,383.3,253.3,N/A,N/A,N/A,4,1072,5.313294,190563,110780,383.3,253.3,N/A,N/A,N/A,4,1206,0,N/A,0.0001,N/A,0,N/A,N/A,N/A,4,1340,0,331171,0.0001,383.3,0,N/A,N/A,N/A,6,
soc-sign-epinions.txt.gz.full.log, ,131828,840799,36646,684670,35880,683005,255.090000,1001.820000,138623.650000,139625.470000,139880.450000,57.683594,77.871094,77.871094,77.871094,77.871094,206,N/A,N/A,N/A,N/A,N/A,N/A,N/A,N/A,6,412,N/A,N/A,N/A,N/A,N/A,N/A,N/A,N/A,4,618,N/A,N/A,N/A,N/A,N/A,N/A,N/A,N/A,4,824,N/A,N/A,N/A,N/A,N/A,N/A,N/A,N/A,4,1030,N/A,N/A,N/A,N/A,N/A,N/A,N/A,N/A,2,1236,N/A,N/A,N/A,N/A,N/A,N/A,N/A,N/A,2,1442,N/A,N/A,N/A,N/A,N/A,N/A,N/A,N/A,4,1648,N/A,N/A,N/A,N/A,N/A,N/A,N/A,N/A,4,1854,N/A,N/A,0.0001,N/A,0,N/A,N/A,N/A,4,2060,N/A,N/A,0.0001,N/A,0,N/A,N/A,N/A,6,
soc-sign-Slashdot081106.txt.gz.full.log, ,77350,516575,24243,332626,23661,331376,58.980000,325.480000,31561.940000,31887.420000,31946.160000,40.515625,48.171875,48.171875,48.171875,48.171875,42,N/A,N/A,N/A,N/A,N/A,N/A,N/A,N/A,14,84,N/A,N/A,N/A,N/A,N/A,N/A,N/A,N/A,12,126,N/A,N/A,N/A,N/A,N/A,N/A,N/A,N/A,10,168,N/A,N/A,N/A,N/A,N/A,N/A,N/A,N/A,6,210,N/A,N/A,N/A,N/A,N/A,N/A,N/A,N/A,6,252,N/A,N/A,N/A,N/A,N/A,N/A,N/A,N/A,6,294,N/A,N/A,0.0001,N/A,0,N/A,N/A,N/A,4,336,N/A,N/A,0.0001,N/A,0,N/A,N/A,N/A,10,378,N/A,N/A,0.0001,N/A,0,N/A,N/A,N/A,16,420,N/A,N/A,0.0001,N/A,0,N/A,N/A,N/A,3170,
soc-sign-Slashdot090216.txt.gz.full.log, ,81867,545671,24802,338572,24025,336925,75.010000,406.010000,36965.210000,37371.220000,37445.890000,41.902344,49.265625,49.265625,49.265625,49.265625,42,N/A,N/A,N/A,N/A,N/A,N/A,N/A,N/A,12,84,N/A,N/A,N/A,N/A,N/A,N/A,N/A,N/A,8,126,N/A,N/A,N/A,N/A,N/A,N/A,N/A,N/A,10,168,N/A,N/A,N/A,N/A,N/A,N/A,N/A,N/A,6,210,N/A,N/A,N/A,N/A,N/A,N/A,N/A,N/A,8,252,N/A,N/A,N/A,N/A,N/A,N/A,N/A,N/A,8,294,N/A,N/A,0.0001,N/A,0,N/A,N/A,N/A,8,336,N/A,N/A,0.0001,N/A,0,N/A,N/A,N/A,8,378,N/A,N/A,0.0001,N/A,0,N/A,N/A,N/A,18,420,N/A,N/A,0.0001,N/A,0,N/A,N/A,N/A,9100,
soc-sign-Slashdot090221.txt.gz.full.log, ,82140,549202,24953,342460,24162,340785,75.510000,429.280000,37520.930000,37950.210000,38025.320000,42.066406,49.578125,49.578125,49.578125,49.578125,42,N/A,N/A,N/A,N/A,N/A,N/A,N/A,N/A,12,84,N/A,N/A,N/A,N/A,N/A,N/A,N/A,N/A,10,126,N/A,N/A,N/A,N/A,N/A,N/A,N/A,N/A,6,168,N/A,N/A,N/A,N/A,N/A,N/A,N/A,N/A,8,210,N/A,N/A,N/A,N/A,N/A,N/A,N/A,N/A,6,252,N/A,N/A,N/A,N/A,N/A,N/A,N/A,N/A,4,294,N/A,N/A,0.0001,N/A,0,N/A,N/A,N/A,8,336,N/A,N/A,0.0001,N/A,0,N/A,N/A,N/A,6,378,N/A,N/A,0.0001,N/A,0,N/A,N/A,N/A,22,420,N/A,N/A,0.0001,N/A,0,N/A,N/A,N/A,4710,
soc-Slashdot0811.txt.gz.full.log, ,77360,828161,47550,770734,46136,767750,72.010000,70.250000,177022.630000,177092.880000,177164.810000,51.281250,74.730469,74.730469,74.730469,74.730469,232,N/A,N/A,N/A,N/A,N/A,N/A,N/A,N/A,4,464,N/A,N/A,N/A,N/A,N/A,N/A,N/A,N/A,8,696,N/A,N/A,N/A,N/A,N/A,N/A,N/A,N/A,6,928,N/A,N/A,N/A,N/A,N/A,N/A,N/A,N/A,4,1160,N/A,N/A,N/A,N/A,N/A,N/A,N/A,N/A,6,1392,N/A,N/A,N/A,N/A,N/A,N/A,N/A,N/A,8,1624,N/A,N/A,N/A,N/A,N/A,N/A,N/A,N/A,4,1856,N/A,N/A,N/A,N/A,N/A,N/A,N/A,N/A,6,2088,N/A,N/A,N/A,N/A,N/A,N/A,N/A,N/A,4,2320,N/A,N/A,0.0001,N/A,0,N/A,N/A,N/A,8,
soc-Slashdot0902.txt.gz.full.log, ,82168,870161,49937,796494,47303,791048,77.880000,110.620000,212844.470000,212955.090000,213032.790000,53.128906,77.082031,77.082031,77.082031,77.082031,235,N/A,N/A,N/A,N/A,N/A,N/A,N/A,N/A,4,470,N/A,N/A,N/A,N/A,N/A,N/A,N/A,N/A,6,705,N/A,N/A,N/A,N/A,N/A,N/A,N/A,N/A,6,940,N/A,N/A,N/A,N/A,N/A,N/A,N/A,N/A,4,1175,N/A,N/A,N/A,N/A,N/A,N/A,N/A,N/A,4,1410,N/A,N/A,N/A,N/A,N/A,N/A,N/A,N/A,8,1645,N/A,N/A,N/A,N/A,N/A,N/A,N/A,N/A,6,1880,N/A,N/A,N/A,N/A,N/A,N/A,N/A,N/A,6,2115,N/A,N/A,N/A,N/A,N/A,N/A,N/A,N/A,4,2350,N/A,N/A,0.0001,N/A,0,N/A,N/A,N/A,4,
sx-askubuntu-c2q.txt.gz.full.log, ,79155,159451,4678,15110,4678,15110,44.230000,347.900000,10.110000,358.010000,401.850000,29.117188,32.195312,32.195312,32.195312,32.195312,19,1.617846274e+11,150.11,6.26,438.6,39.3,N/A,N/A,N/A,10,38,1.356303294e+11,135.98,6.26,438.6,39.3,N/A,N/A,N/A,8,57,1.098403703e+11,137.97,6.26,438.6,39.3,N/A,N/A,N/A,6,76,8.437960921e+10,159.53,6.26,438.6,39.3,N/A,N/A,N/A,4,95,5.910608312e+10,134.59,6.26,438.6,39.3,N/A,N/A,N/A,6,114,3.397800982e+10,143.98,6.26,438.6,39.3,N/A,N/A,N/A,6,133,9109216165,128.57,6.26,438.6,39.3,N/A,N/A,N/A,4,152,0,122.88,0.0001,438.6,0,N/A,N/A,N/A,6,171,0,90.23,0.0001,438.6,0,N/A,N/A,N/A,4,190,0,96.9,0.0001,438.6,0,N/A,N/A,N/A,2,
sx-askubuntu-a2q.txt.gz.full.log, ,137517,247253,8975,37375,8973,37371,66.270000,808.700000,74.510000,883.210000,949.030000,39.199219,43.882812,43.882812,43.882812,43.882812,58,3.555698065e+11,1112.14,94.29,695.1,96.6,N/A,N/A,N/A,6,116,2.771619797e+11,1399.66,94.29,695.1,96.6,N/A,N/A,N/A,4,174,1.997976701e+11,1200.31,94.29,695.1,96.6,N/A,N/A,N/A,6,232,1.229561552e+11,3421.9,94.29,695.1,96.6,N/A,N/A,N/A,4,290,4.68457596e+10,5332,94.29,695.1,96.6,N/A,N/A,N/A,6,348,0,601.94,0.0001,695.1,0,N/A,N/A,N/A,4,406,0,908.29,0.0001,725.2,0,N/A,N/A,N/A,6,464,0,863,0.0001,725.1,0,N/A,N/A,N/A,4,522,0,719.06,0.0001,725.2,0,N/A,N/A,N/A,4,580,0,2948.16,0.0001,726.0,0,N/A,N/A,N/A,4,
sx-askubuntu-c2a.txt.gz.full.log, ,75555,165570,8049,63747,8034,63717,41.550000,297.670000,279.810000,577.480000,618.830000,28.941406,31.640625,31.640625,31.640625,31.640625,144,7.373957461e+11,9037,2349.89,452.0,171.2,N/A,N/A,N/A,4,288,5.40994665e+11,18879,2349.89,452.0,171.2,N/A,N/A,N/A,6,432,3.469434534e+11,13368,2349.89,452.0,171.2,N/A,N/A,N/A,4,576,1.539262001e+11,23783,2349.89,452.0,171.2,N/A,N/A,N/A,6,720,0,110049,0.0001,452.0,0,N/A,N/A,N/A,4,864,0,10845,0.0001,452.0,0,N/A,N/A,N/A,4,1008,0,7598,0.0001,452.0,0,N/A,N/A,N/A,2,1152,0,7038,0.0001,452.0,0,N/A,N/A,N/A,2,1296,0,7739,0.0001,471.6,0,N/A,N/A,N/A,4,1440,0,7105,0.0001,452.0,0,N/A,N/A,N/A,4,
sx-askubuntu.txt.gz.full.log, ,159316,544621,48649,351228,47223,348372,579.840000,2742.270000,27587.550000,30329.820000,30909.310000,52.703125,62.535156,62.535156,62.535156,62.535156,195,1.993910698e+12,206662,144543,1512.8,970.3,N/A,N/A,N/A,4,390,1.71779685e+12,N/A,144543,N/A,970.3,N/A,N/A,N/A,4,585,N/A,N/A,144543,N/A,970.3,N/A,N/A,N/A,4,780,N/A,N/A,144543,N/A,970.3,N/A,N/A,N/A,4,975,N/A,N/A,144543,N/A,970.3,N/A,N/A,N/A,4,1170,N/A,N/A,144543,N/A,970.3,N/A,N/A,N/A,2,1365,N/A,N/A,144543,N/A,970.3,N/A,N/A,N/A,2,1560,N/A,N/A,144543,N/A,970.3,N/A,N/A,N/A,4,1755,0,N/A,0.0001,N/A,0,N/A,N/A,N/A,4,1950,0,100091,0.0001,1450.9,0,N/A,N/A,N/A,2,
sx-mathoverflow-a2q.txt.gz.full.log, ,21688,88711,3228,42790,3226,42786,2.760000,20.240000,45.350000,65.590000,68.270000,19.679688,20.625000,20.625000,20.625000,20.625000,48,4.336162192e+11,497.98,88.68,231.3,108.1,N/A,N/A,N/A,6,96,3.702513931e+11,505.35,88.68,231.3,108.1,N/A,N/A,N/A,6,144,3.08232604e+11,595.2,88.68,231.3,108.1,N/A,N/A,N/A,8,192,2.469947534e+11,562.47,88.68,231.3,108.1,N/A,N/A,N/A,6,240,1.861654003e+11,670.79,88.68,231.3,108.1,N/A,N/A,N/A,6,288,1.256584216e+11,879.23,88.68,231.3,108.1,N/A,N/A,N/A,2,336,6.531198001e+10,891.01,88.68,231.3,108.1,N/A,N/A,N/A,4,384,5022123052,644.87,88.68,231.3,108.1,N/A,N/A,N/A,6,432,0,553.41,0.0001,231.3,0,N/A,N/A,N/A,4,480,0,870.54,0.0001,241.4,0,N/A,N/A,N/A,4,
sx-mathoverflow-c2a.txt.gz.full.log, ,13840,77212,3351,57153,3345,57141,3.030000,12.050000,104.380000,116.430000,119.440000,18.335938,19.851562,19.851562,19.851562,19.851562,54,5.139126535e+11,3751,277.1,199.7,146.3,N/A,N/A,N/A,6,108,4.375148038e+11,5571,277.1,208.5,146.3,N/A,N/A,N/A,6,162,3.630108499e+11,3202.61,277.1,199.7,146.3,N/A,N/A,N/A,6,216,2.89762304e+11,3960,277.1,199.7,146.3,N/A,N/A,N/A,6,270,2.178441219e+11,4401,277.1,199.7,146.3,N/A,N/A,N/A,4,324,1.47163655e+11,6732,277.1,199.7,146.3,N/A,N/A,N/A,6,378,7.707960929e+10,7587,277.1,208.5,146.3,N/A,N/A,N/A,6,432,7630878290,8659,277.1,208.5,146.3,N/A,N/A,N/A,4,486,0,13701,0.0001,208.5,0,N/A,N/A,N/A,4,540,0,3458.86,0.0001,208.5,0,N/A,N/A,N/A,4,
sx-mathoverflow-c2q.txt.gz.full.log, ,16836,91149,2415,38550,2415,38550,4.230000,24.090000,34.980000,59.070000,63.180000,19.203125,20.027344,20.027344,20.027344,20.027344,45,4.518933883e+11,266.38,60.48,235.0,97.6,N/A,N/A,N/A,6,90,3.887394238e+11,241.32,60.48,235.0,97.6,N/A,N/A,N/A,6,135,3.265592395e+11,326.02,60.48,235.0,97.6,N/A,N/A,N/A,6,180,2.655489435e+11,223.59,60.48,235.0,97.6,N/A,N/A,N/A,6,225,2.056624737e+11,253.59,60.48,235.0,97.6,N/A,N/A,N/A,6,270,1.465954204e+11,256.69,60.48,235.0,97.6,N/A,N/A,N/A,6,315,8.840564788e+10,235.73,60.48,235.0,97.6,N/A,N/A,N/A,6,360,3.061668263e+10,335.9,60.48,235.0,97.6,N/A,N/A,N/A,6,405,0,139.68,0.0001,235.0,0,N/A,N/A,N/A,4,450,0,154.92,0.0001,235.0,0,N/A,N/A,N/A,4,
sx-mathoverflow.txt.gz.full.log, ,24818,227991,11508,192658,11450,192542,29.310000,145.520000,1466.280000,1611.800000,1641.160000,24.539062,30.144531,30.144531,30.144531,30.144531,96,1.128209913e+12,7356,4654,588.8,484.2,N/A,N/A,N/A,6,192,9.909574282e+11,14730,4654,588.8,484.2,N/A,N/A,N/A,4,288,8.563894552e+11,18987,4654,588.8,484.2,N/A,N/A,N/A,4,384,7.245537829e+11,14153,4654,588.8,484.2,N/A,N/A,N/A,6,480,5.955743882e+11,14769,4654,588.8,484.2,N/A,N/A,N/A,4,576,4.677738397e+11,18639,4654,588.8,484.2,N/A,N/A,N/A,6,672,3.409944331e+11,25832,4654,588.8,484.2,N/A,N/A,N/A,4,768,2.15323281e+11,23347,4654,588.8,484.2,N/A,N/A,N/A,4,864,9.064729633e+10,28824,4654,588.8,484.2,N/A,N/A,N/A,4,960,0,25132,0.0001,588.8,0,N/A,N/A,N/A,4,
sx-stackoverflow-c2q.txt.gz.full.log,timeout for reductions,1655353,10106821,N/A,N/A,N/A,N/A,227168.800000,N/A,N/A,N/A,N/A,538.242188,N/A,N/A,N/A,N/A,147,N/A,N/A,N/A,N/A,N/A,N/A,N/A,N/A,0,294,N/A,N/A,N/A,N/A,N/A,N/A,N/A,N/A,0,441,N/A,N/A,N/A,N/A,N/A,N/A,N/A,N/A,0,588,N/A,N/A,N/A,N/A,N/A,N/A,N/A,N/A,0,735,N/A,N/A,N/A,N/A,N/A,N/A,N/A,N/A,0,882,N/A,N/A,N/A,N/A,N/A,N/A,N/A,N/A,0,1029,N/A,N/A,N/A,N/A,N/A,N/A,N/A,N/A,0,1176,N/A,N/A,N/A,N/A,N/A,N/A,N/A,N/A,0,1323,N/A,N/A,N/A,N/A,N/A,N/A,N/A,N/A,0,1470,N/A,N/A,N/A,N/A,N/A,N/A,N/A,N/A,0,
sx-stackoverflow-a2q.txt.gz.full.log,timeout for reductions,2464606,15801794,N/A,N/A,N/A,N/A,238311.500000,N/A,N/A,N/A,N/A,823.472656,N/A,N/A,N/A,N/A,403,N/A,N/A,N/A,N/A,N/A,N/A,N/A,N/A,0,806,N/A,N/A,N/A,N/A,N/A,N/A,N/A,N/A,0,1209,N/A,N/A,N/A,N/A,N/A,N/A,N/A,N/A,0,1612,N/A,N/A,N/A,N/A,N/A,N/A,N/A,N/A,0,2015,N/A,N/A,N/A,N/A,N/A,N/A,N/A,N/A,0,2418,N/A,N/A,N/A,N/A,N/A,N/A,N/A,N/A,0,2821,N/A,N/A,N/A,N/A,N/A,N/A,N/A,N/A,0,3224,N/A,N/A,N/A,N/A,N/A,N/A,N/A,N/A,0,3627,N/A,N/A,N/A,N/A,N/A,N/A,N/A,N/A,0,4030,N/A,N/A,N/A,N/A,N/A,N/A,N/A,N/A,0,
sx-stackoverflow-c2a.txt.gz.full.log,timeout for reductions,1646338,10952124,N/A,N/A,N/A,N/A,232322.500000,N/A,N/A,N/A,N/A,570.292969,N/A,N/A,N/A,N/A,503,N/A,N/A,N/A,N/A,N/A,N/A,N/A,N/A,0,1006,N/A,N/A,N/A,N/A,N/A,N/A,N/A,N/A,0,1509,N/A,N/A,N/A,N/A,N/A,N/A,N/A,N/A,0,2012,N/A,N/A,N/A,N/A,N/A,N/A,N/A,N/A,0,2515,N/A,N/A,N/A,N/A,N/A,N/A,N/A,N/A,0,3018,N/A,N/A,N/A,N/A,N/A,N/A,N/A,N/A,0,3521,N/A,N/A,N/A,N/A,N/A,N/A,N/A,N/A,0,4024,N/A,N/A,N/A,N/A,N/A,N/A,N/A,N/A,0,4527,N/A,N/A,N/A,N/A,N/A,N/A,N/A,N/A,0,5030,N/A,N/A,N/A,N/A,N/A,N/A,N/A,N/A,0,
sx-superuser-c2q.txt.gz.full.log, ,94548,238335,5650,26250,5650,26250,71.580000,541.950000,25.150000,567.100000,638.270000,33.550781,37.000000,37.000000,37.000000,37.000000,11,8.386296376e+10,426.38,6.27,652.0,68.7,N/A,N/A,N/A,12,22,6.887347608e+10,273.81,6.27,652.0,68.7,N/A,N/A,N/A,6,33,5.416221914e+10,294.62,6.27,652.0,68.7,N/A,N/A,N/A,8,44,3.9769276e+10,324,6.27,652.0,68.7,N/A,N/A,N/A,2,55,2.549501054e+10,313.18,6.27,652.0,68.7,N/A,N/A,N/A,8,66,1.141833871e+10,296.35,6.27,652.0,68.7,N/A,N/A,N/A,6,77,0,175.1,0.0001,652.0,0,N/A,N/A,N/A,6,88,0,85.98,0.0001,652.0,0,N/A,N/A,N/A,4,99,0,81.03,0.0001,679.7,0,N/A,N/A,N/A,4,110,0,121.29,0.0001,679.7,0,N/A,N/A,N/A,6,
sx-superuser-a2q.txt.gz.full.log, ,167981,384346,12706,72505,12702,72497,201.850000,1701.010000,338.060000,2039.070000,2239.910000,47.484375,53.101562,53.101562,53.101562,53.101562,42,2.51587371e+11,3685,561.68,1062.8,195.0,N/A,N/A,N/A,8,84,1.956506659e+11,6431,561.68,1062.8,195.0,N/A,N/A,N/A,6,126,1.411008074e+11,5765,561.68,1062.8,195.0,N/A,N/A,N/A,4,168,8.775714272e+10,4238,561.68,1062.8,195.0,N/A,N/A,N/A,4,210,3.501369145e+10,7055,561.68,1062.8,195.0,N/A,N/A,N/A,6,252,0,1356.8,0.0001,1062.8,0,N/A,N/A,N/A,6,294,0,2140.31,0.0001,1108.2,0,N/A,N/A,N/A,4,336,0,1296.49,0.0001,1108.1,0,N/A,N/A,N/A,4,378,0,8126,0.0001,1109.4,0,N/A,N/A,N/A,4,420,0,2501.46,0.0001,1108.8,0,N/A,N/A,N/A,4,
sx-superuser-c2a.txt.gz.full.log, ,101052,269448,13907,125831,13884,125784,103.240000,918.630000,1639.530000,2558.160000,2661.120000,35.460938,39.328125,39.328125,39.328125,39.328125,213,1.296255988e+12,63975,10266,731.2,352.3,N/A,N/A,N/A,6,426,9.942991206e+11,72889,10266,731.2,352.3,N/A,N/A,N/A,6,639,6.985736654e+11,103714,10266,731.2,352.3,N/A,N/A,N/A,6,852,4.087453863e+11,72813,10266,731.2,352.3,N/A,N/A,N/A,4,1065,1.228456812e+11,105214,10266,731.2,352.3,N/A,N/A,N/A,6,1278,0,N/A,0.0001,N/A,0,N/A,N/A,N/A,4,1491,0,122145,0.0001,731.2,0,N/A,N/A,N/A,4,1704,0,44021,0.0001,731.2,0,N/A,N/A,N/A,4,1917,0,45077,0.0001,731.2,0,N/A,N/A,N/A,4,2130,0,43417,0.0001,731.2,0,N/A,N/A,N/A,4,
sx-superuser.txt.gz.full.log, ,194085,854377,68680,629790,67404,627233,1245.490000,5299.750000,113535.860000,118835.610000,120080.670000,67.308594,85.394531,85.394531,85.394531,85.394531,251,N/A,N/A,N/A,N/A,N/A,N/A,N/A,N/A,2,502,N/A,N/A,N/A,N/A,N/A,N/A,N/A,N/A,4,753,N/A,N/A,N/A,N/A,N/A,N/A,N/A,N/A,2,1004,N/A,N/A,N/A,N/A,N/A,N/A,N/A,N/A,4,1255,N/A,N/A,N/A,N/A,N/A,N/A,N/A,N/A,2,1506,N/A,N/A,N/A,N/A,N/A,N/A,N/A,N/A,2,1757,N/A,N/A,N/A,N/A,N/A,N/A,N/A,N/A,2,2008,N/A,N/A,N/A,N/A,N/A,N/A,N/A,N/A,2,2259,N/A,N/A,N/A,N/A,N/A,N/A,N/A,N/A,2,2510,N/A,N/A,0.0001,N/A,0,N/A,N/A,N/A,2,
web-BerkStan.txt.gz.full.log,timeout for reductions,685230,7600595,353329,4713556,N/A,N/A,4569.940000,22535.800000,N/A,N/A,N/A,347.109375,466.933594,N/A,N/A,N/A,24,N/A,N/A,N/A,N/A,N/A,N/A,N/A,N/A,6,48,N/A,N/A,N/A,N/A,N/A,N/A,N/A,N/A,8,72,N/A,N/A,N/A,N/A,N/A,N/A,N/A,N/A,22,96,N/A,N/A,N/A,N/A,N/A,0.000000,118516,9031.34,2,120,N/A,N/A,N/A,N/A,N/A,0.000000,118997,9031.32,2,144,N/A,N/A,N/A,N/A,N/A,0.000000,117394,9031.31,2,168,N/A,N/A,N/A,N/A,N/A,0.000000,116439,9031.31,2,192,N/A,N/A,N/A,N/A,N/A,0.000000,130908,9031.29,2,216,N/A,N/A,N/A,N/A,N/A,0.000000,118445,9031.26,2,240,N/A,N/A,N/A,N/A,N/A,0.000000,118485,9030.85,2,
flickrEdges.txt.gz.full.log, ,105938,2316948,20838,541929,20838,541929,5110.450000,8806.190000,1.050000,8807.240000,13914.430000,99.503906,107.562500,107.562500,107.562500,107.562500,145,0.047286,N/A,964.87,N/A,1387.0,N/A,N/A,N/A,8,290,0,N/A,964.87,N/A,1387.0,N/A,N/A,N/A,6,435,0,N/A,964.87,N/A,1387.0,N/A,N/A,N/A,1346,580,0,N/A,964.87,N/A,1387.0,N/A,N/A,N/A,1998,725,0,N/A,964.87,N/A,1387.0,N/A,N/A,N/A,1400,870,0,N/A,964.87,N/A,1387.0,N/A,N/A,N/A,1396,1015,0,41722,964.87,5925.2,1387.0,N/A,N/A,N/A,1322,1160,0,222221,0.0001,5925.2,0,N/A,N/A,N/A,1376,1305,0,121570,0.0001,5925.2,0,N/A,N/A,N/A,1390,1450,0,5532,0.0001,5925.2,0,N/A,N/A,N/A,1372,
web-Google.txt.gz.full.log,timeout for reductions,875713,5105039,416538,3388563,N/A,N/A,35575.190000,45622.890000,N/A,N/A,N/A,295.671875,384.890625,N/A,N/A,N/A,45,N/A,N/A,N/A,N/A,N/A,N/A,N/A,N/A,4,90,N/A,N/A,N/A,N/A,N/A,N/A,N/A,N/A,10,135,N/A,N/A,N/A,N/A,N/A,N/A,N/A,N/A,2,180,N/A,N/A,N/A,N/A,N/A,N/A,N/A,N/A,6,225,N/A,N/A,N/A,N/A,N/A,N/A,N/A,N/A,8,270,N/A,N/A,N/A,N/A,N/A,N/A,N/A,N/A,8,315,N/A,N/A,N/A,N/A,N/A,N/A,N/A,N/A,4,360,N/A,N/A,N/A,N/A,N/A,N/A,N/A,N/A,2,405,N/A,N/A,N/A,N/A,N/A,N/A,N/A,N/A,6,450,N/A,N/A,N/A,N/A,N/A,N/A,N/A,N/A,2,
web-NotreDame.txt.gz.full.log, ,325729,1469679,50837,290634,42919,258471,990.730000,4633.840000,32523.420000,37157.260000,38146.500000,104.128906,137.976562,137.976562,137.976562,137.976562,344,0,1733.49,298.3,3841.9,675.3,0.000000,9648,1765.64,2,688,0,1737.38,298.3,3841.9,675.3,0.000000,9629,1764.59,2,1032,0,1726.16,298.3,3841.9,675.3,0.000000,9630,1763.86,2,1376,0,1729.37,298.3,3841.9,675.3,0.000000,9643,1762.42,2,1720,0,1759.55,298.3,3841.9,675.3,0.000000,9716,1761.59,2,2064,0,1748.47,298.3,3841.9,675.3,0.000000,9679,1760.68,2,2408,0,1724.81,0.0001,3841.9,0,0.000000,9619,1759.51,2,2752,0,1726.78,0.0001,3841.9,0,0.000000,9645,1758.83,2,3096,0,1731.53,0.0001,3841.9,0,0.000000,9623,1758.66,2,3440,0,1743.09,0.0001,3841.9,0,0.000000,9686,1758.65,2,
web-Stanford.txt.gz.full.log, ,281903,2312497,259,1117,259,1117,9187.090000,2543.560000,0.120000,2543.680000,11725.410000,120.203125,131.750000,131.750000,131.750000,131.750000,18,0.793341,34822,0.13,5973.2,3.3,N/A,N/A,N/A,6,36,0.705599,18463,0.13,5973.2,3.3,N/A,N/A,N/A,10,54,0.618065,18450,0.13,5973.2,3.3,N/A,N/A,N/A,4,72,0.530531,18462,0.13,5973.2,3.3,N/A,N/A,N/A,6,90,0.442997,18330,0.13,5973.2,3.3,N/A,N/A,N/A,4,108,0.355463,18482,0.13,5973.2,3.3,N/A,N/A,N/A,4,126,0.267929,18500,0.13,5973.2,3.3,N/A,N/A,N/A,4,144,0.180395,18622,0.13,5973.2,3.3,N/A,N/A,N/A,4,162,0.092861,18405,0.13,5973.2,3.3,N/A,N/A,N/A,4,180,0.005352,18532,0.13,5973.2,3.3,N/A,N/A,N/A,4,
wiki-Talk.txt.gz.full.log,timeout for reductions,2394385,5021410,91791,1441911,N/A,N/A,26584.800000,150845.820000,N/A,N/A,N/A,472.441406,569.519531,N/A,N/A,N/A,331,N/A,N/A,N/A,N/A,N/A,N/A,N/A,N/A,98,662,N/A,N/A,N/A,N/A,N/A,N/A,N/A,N/A,92,993,N/A,N/A,N/A,N/A,N/A,N/A,N/A,N/A,82,1324,N/A,N/A,N/A,N/A,N/A,N/A,N/A,N/A,90,1655,N/A,N/A,N/A,N/A,N/A,N/A,N/A,N/A,94,1986,N/A,N/A,N/A,N/A,N/A,N/A,N/A,N/A,82,2317,N/A,N/A,N/A,N/A,N/A,N/A,N/A,N/A,90,2648,N/A,N/A,N/A,N/A,N/A,N/A,N/A,N/A,92,2979,N/A,N/A,N/A,N/A,N/A,N/A,N/A,N/A,78,3310,N/A,N/A,N/A,N/A,N/A,N/A,N/A,N/A,96,
wiki-talk-temporal.txt.gz.full.log,timeout for reductions,1140149,3130742,141200,1475983,N/A,N/A,13199.640000,231029.550000,N/A,N/A,N/A,256.738281,301.261719,N/A,N/A,N/A,331,N/A,N/A,N/A,N/A,N/A,N/A,N/A,N/A,0,662,N/A,N/A,N/A,N/A,N/A,N/A,N/A,N/A,0,993,N/A,N/A,N/A,N/A,N/A,N/A,N/A,N/A,0,1324,N/A,N/A,N/A,N/A,N/A,N/A,N/A,N/A,0,1655,N/A,N/A,N/A,N/A,N/A,N/A,N/A,N/A,0,1986,N/A,N/A,N/A,N/A,N/A,N/A,N/A,N/A,0,2317,N/A,N/A,N/A,N/A,N/A,N/A,N/A,N/A,0,2648,N/A,N/A,N/A,N/A,N/A,N/A,N/A,N/A,0,2979,N/A,N/A,N/A,N/A,N/A,N/A,N/A,N/A,0,3310,N/A,N/A,N/A,N/A,N/A,N/A,N/A,N/A,0,
